county,state_id,lat,lng
Los Angeles,CA,34.3219,-118.2247
Cook,IL,41.8401,-87.8168
Harris,TX,29.8578,-95.3938
Maricopa,AZ,33.349,-112.4915
San Diego,CA,33.0343,-116.735
Orange,CA,33.7031,-117.7609
Miami-Dade,FL,25.615,-80.5624
Kings,NY,40.6413,-73.9383
Dallas,TX,32.7666,-96.7778
Riverside,CA,33.7437,-115.9938
Clark,NV,36.2152,-115.0135
Queens,NY,40.7035,-73.8196
King,WA,47.4903,-121.8052
San Bernardino,CA,34.8414,-116.1785
Tarrant,TX,32.7719,-97.2911
Bexar,TX,29.4489,-98.52
Broward,FL,26.1523,-80.4871
Santa Clara,CA,37.2318,-121.6951
Wayne,MI,42.2822,-83.283
Alameda,CA,37.6469,-121.8887
Middlesex,MA,42.4856,-71.3918
New York,NY,40.7792,-73.9668
Sacramento,CA,38.4493,-121.3443
Philadelphia,PA,40.0076,-75.134
Palm Beach,FL,26.6476,-80.4655
Suffolk,NY,40.8681,-72.8456
Hillsborough,FL,27.9292,-82.3088
Orange,FL,28.5144,-81.3235
Bronx,NY,40.8501,-73.8671
Nassau,NY,40.7326,-73.5862
Franklin,OH,39.9695,-83.0093
Travis,TX,30.3344,-97.782
Oakland,MI,42.6604,-83.3858
Hennepin,MN,45.0046,-93.477
Cuyahoga,OH,41.4243,-81.6586
Allegheny,PA,40.4688,-79.9812
Salt Lake,UT,40.6673,-111.9236
Wake,NC,35.7903,-78.6503
Contra Costa,CA,37.9192,-121.9275
Collin,TX,33.188,-96.5724
Mecklenburg,NC,35.2467,-80.8328
Fairfax,VA,38.8368,-77.277
Fulton,GA,33.7903,-84.4671
Montgomery,MD,39.1363,-77.2042
Pima,AZ,32.0974,-111.7899
Duval,FL,30.3313,-81.6715
Fresno,CA,36.7582,-119.6493
Honolulu,HI,21.4899,-158.0739
Westchester,NY,41.1626,-73.7561
St. Louis,MO,38.6407,-90.4434
Gwinnett,GA,33.9619,-84.0235
Denton,TX,33.2055,-97.1168
Capitol,CT,41.8185,-72.572
Marion,IN,39.7817,-86.1385
Pinellas,FL,27.9198,-82.7255
Bergen,NJ,40.9597,-74.0742
Prince George's,MD,38.8295,-76.8473
Erie,NY,42.7639,-78.7323
Pierce,WA,47.0239,-122.1041
DuPage,IL,41.852,-88.0856
Milwaukee,WI,43.0072,-87.9669
Shelby,TN,35.1843,-89.8938
Kern,CA,35.3426,-118.7301
Fort Bend,TX,29.5275,-95.7709
Hidalgo,TX,26.3969,-98.1812
Macomb,MI,42.6957,-82.9323
Middlesex,NJ,40.4392,-74.4117
El Paso,TX,31.7686,-106.2348
Worcester,MA,42.3514,-71.9077
Montgomery,PA,40.2108,-75.3673
Essex,NJ,40.788,-74.2481
Baltimore,MD,39.4629,-76.6395
Snohomish,WA,48.0474,-121.6972
Ventura,CA,34.4561,-119.0836
Hamilton,OH,39.1955,-84.5428
San Francisco,CA,37.7556,-122.445
Lee,FL,26.578,-81.8332
Essex,MA,42.6732,-70.9524
Oklahoma,OK,35.5515,-97.4072
Multnomah,OR,45.5468,-122.4149
San Joaquin,CA,37.9348,-121.2714
Polk,FL,27.9489,-81.6976
Suffolk,MA,42.3329,-71.0735
Jefferson,KY,38.1872,-85.6591
Cobb,GA,33.9416,-84.5767
DeKalb,GA,33.7716,-84.2264
Monroe,NY,43.1464,-77.6961
El Paso,CO,38.8321,-104.5254
San Mateo,CA,37.4228,-122.3291
Norfolk,MA,42.1603,-71.2118
Jackson,MO,39.0085,-94.3461
Denver,CO,39.762,-104.8758
Hudson,NJ,40.7408,-74.0751
Davidson,TN,36.1695,-86.7848
Lake,IL,42.3233,-88.0037
Utah,UT,40.1199,-111.6702
Will,IL,41.445,-87.9786
Montgomery,TX,30.3002,-95.503
District of Columbia,DC,38.9047,-77.0163
Tulsa,OK,36.1211,-95.9415
Bernalillo,NM,35.0514,-106.6702
Williamson,TX,30.6475,-97.6004
Jefferson,AL,33.5543,-86.8964
Providence,RI,41.8721,-71.58
Kent,MI,43.0322,-85.5493
Arapahoe,CO,39.6498,-104.3393
Ocean,NJ,39.8856,-74.2814
Bucks,PA,40.3369,-75.1069
Monmouth,NJ,40.26,-74.2216
Brevard,FL,28.2937,-80.7323
Western Connecticut,CT,41.3225,-73.4475
Johnson,KS,38.8838,-94.8223
Pasco,FL,28.3092,-82.392
Washington,OR,45.56,-123.0984
Anne Arundel,MD,39.0065,-76.6051
Douglas,NE,41.2953,-96.1543
Bristol,MA,41.7972,-71.1145
Volusia,FL,29.0584,-81.1819
Jefferson,CO,39.5864,-105.2505
Union,NJ,40.6601,-74.31
Delaware,PA,39.9167,-75.3991
New Castle,DE,39.5768,-75.6527
Baltimore,MD,39.3051,-76.6144
Dane,WI,43.0673,-89.4181
South Central Connecticut,CT,41.3613,-72.8445
Lancaster,PA,40.0424,-76.2477
Stanislaus,CA,37.5591,-120.9977
Spokane,WA,47.6208,-117.404
Greenville,SC,34.8941,-82.3706
Guilford,NC,36.0795,-79.7889
Chester,PA,39.9731,-75.7484
Ramsey,MN,45.0171,-93.0996
Summit,OH,41.126,-81.5322
Montgomery,OH,39.7547,-84.2907
Plymouth,MA,41.9511,-70.8115
Adams,CO,39.8736,-104.3378
Sedgwick,KS,37.6848,-97.461
Camden,NJ,39.8035,-74.9597
Passaic,NJ,41.0344,-74.3009
Ada,ID,43.4512,-116.2412
Kane,IL,41.9388,-88.4286
Clark,WA,45.7792,-122.4825
Morris,NJ,40.862,-74.5445
Polk,IA,41.6854,-93.5734
Lake,IN,41.4167,-87.3821
Washoe,NV,40.6655,-119.6643
Richmond,NY,40.5808,-74.1531
Knox,TN,35.9932,-83.9371
Prince William,VA,38.7029,-77.4809
Sonoma,CA,38.529,-122.8882
Seminole,FL,28.717,-81.2363
Tulare,CA,36.2202,-118.8005
Onondaga,NY,43.0058,-76.1946
Pinal,AZ,32.9044,-111.3448
Burlington,NJ,39.8777,-74.6681
York,PA,39.92,-76.7265
Hampden,MA,42.1351,-72.6316
Sarasota,FL,27.1845,-82.3315
Virginia Beach,VA,36.7335,-76.0435
Naugatuck Valley,CT,41.5231,-73.086
East Baton Rouge,LA,30.5383,-91.0956
Solano,CA,38.27,-121.9328
Dakota,MN,44.6719,-93.0654
Santa Barbara,CA,34.6729,-120.0169
Monterey,CA,36.2171,-121.2388
Berks,PA,40.4163,-75.926
Loudoun,VA,39.0907,-77.6357
Jefferson,LA,29.7882,-90.1276
Manatee,FL,27.4719,-82.3153
Lucas,OH,41.6197,-83.6589
Osceola,FL,28.0626,-81.1495
Hillsborough,NH,42.9153,-71.7161
Cameron,TX,26.1333,-97.5187
Clackamas,OR,45.188,-122.2208
Richland,SC,34.0218,-80.9031
Charleston,SC,32.8348,-79.9531
Placer,CA,39.0634,-120.7177
St. Charles,MO,38.782,-90.6749
Lake,FL,28.7615,-81.7113
Mobile,AL,30.7877,-88.2058
Waukesha,WI,43.0182,-88.3045
Orange,NY,41.4022,-74.3056
Madison,AL,34.7631,-86.5502
Genesee,MI,43.0217,-83.7067
Marion,FL,29.2102,-82.0567
Pulaski,AR,34.77,-92.312
Collier,FL,26.1108,-81.3474
Butler,OH,39.4386,-84.5756
Allen,IN,41.0909,-85.0665
Brazoria,TX,29.1898,-95.4521
Forsyth,NC,36.1306,-80.2564
Bell,TX,31.0373,-97.4788
Mercer,NJ,40.2834,-74.7018
Lane,OR,43.9387,-122.8479
Horry,SC,33.9216,-78.9969
Lehigh,PA,40.6127,-75.5923
Chesterfield,VA,37.3785,-77.587
Douglas,CO,39.3298,-104.9293
Hamilton,TN,35.1808,-85.1648
Stark,OH,40.8139,-81.3656
Orleans,LA,30.0687,-89.9289
Davis,UT,40.99,-112.1115
Anoka,MN,45.2733,-93.2465
Washtenaw,MI,42.2532,-83.8388
Larimer,CO,40.6664,-105.4611
Hamilton,IN,40.0725,-86.052
Rutherford,TN,35.8427,-86.4167
St. Lucie,FL,27.3773,-80.4721
Galveston,TX,29.3944,-94.9642
Nueces,TX,27.7254,-97.6134
Westmoreland,PA,40.3109,-79.4668
Weld,CO,40.5548,-104.3925
Somerset,NJ,40.5635,-74.6163
Marion,OR,44.9033,-122.5846
Spartanburg,SC,34.9309,-81.9908
Rockland,NY,41.1525,-74.0242
Cumberland,NC,35.0487,-78.8277
Howard,MD,39.2507,-76.9312
Henrico,VA,37.538,-77.4058
Durham,NC,36.036,-78.8766
Greater Bridgeport,CT,41.2428,-73.2314
Boulder,CO,40.0925,-105.3577
Luzerne,PA,41.177,-75.9892
Lancaster,NE,40.7842,-96.6878
Escambia,FL,30.669,-87.363
Fayette,KY,38.0423,-84.4587
Rockingham,NH,42.9876,-71.1254
Lubbock,TX,33.6102,-101.8205
Northampton,PA,40.7542,-75.3076
Lorain,OH,41.2956,-82.151
Albany,NY,42.6002,-73.9736
McHenry,IL,42.3244,-88.4523
Cumberland,ME,43.8466,-70.3996
Gloucester,NJ,39.7173,-75.1414
St. Johns,FL,29.9016,-81.4407
Lexington,SC,33.9023,-81.272
Benton,AR,36.3387,-94.2561
Greene,MO,37.2581,-93.342
Ottawa,MI,42.9599,-85.996
Chatham,GA,32.0043,-81.1329
Cleveland,OK,35.2031,-97.3265
Thurston,WA,46.9256,-122.8333
Clayton,GA,33.5419,-84.3576
Dutchess,NY,41.7652,-73.7429
Leon,FL,30.458,-84.2779
York,SC,34.9749,-81.1844
Merced,CA,37.1919,-120.7177
Dauphin,PA,40.4155,-76.7794
Anchorage,AK,61.1498,-149.1082
St. Louis,MO,38.6358,-90.2451
Frederick,MD,39.4722,-77.398
Alachua,FL,29.6747,-82.3577
Ingham,MI,42.5971,-84.3735
Winnebago,IL,42.3363,-89.1609
San Luis Obispo,CA,35.3871,-120.4044
Cherokee,GA,34.244,-84.4762
Southeastern Connecticut,CT,41.5023,-72.1
Kitsap,WA,47.6127,-122.6762
Atlantic,NJ,39.4778,-74.6613
Washington,MN,45.0388,-92.8838
Buncombe,NC,35.6112,-82.5301
St. Joseph,IN,41.6167,-86.2899
St. Tammany,LA,30.4103,-89.9584
Brown,WI,44.4525,-88.0037
Weber,UT,41.2698,-111.9134
Webb,TX,27.7611,-99.3315
Erie,PA,41.9925,-80.0327
Hays,TX,30.0579,-98.0312
Cumberland,PA,40.1636,-77.2655
Forsyth,GA,34.2255,-84.125
McLennan,TX,31.5524,-97.2018
Santa Cruz,CA,37.0562,-122.0018
Madison,IL,38.8297,-89.9049
Harford,MD,39.5611,-76.3171
Kalamazoo,MI,42.2455,-85.5312
Williamson,TN,35.8938,-86.8987
Clay,MO,39.3105,-94.4209
Marin,CA,38.0735,-122.7236
Yakima,WA,46.4571,-120.7385
Washington,AR,35.9791,-94.2156
Sussex,DE,38.6606,-75.39
Jefferson,TX,29.8841,-94.1629
St. Clair,IL,38.4703,-89.9284
Chesapeake,VA,36.6778,-76.3023
Union,NC,34.9884,-80.5307
Canyon,ID,43.6251,-116.7093
Warren,OH,39.4277,-84.1668
Henry,GA,33.453,-84.1542
Lafayette,LA,30.2068,-92.0639
Baldwin,AL,30.7277,-87.7226
Berkeley,SC,33.1971,-79.9522
Yavapai,AZ,34.5998,-112.5538
Brazos,TX,30.6608,-96.3024
Smith,TX,32.375,-95.2692
Saratoga,NY,43.1074,-73.8639
Tuscaloosa,AL,33.2896,-87.5251
Arlington,VA,38.8786,-77.1011
Cabarrus,NC,35.3868,-80.5519
New Hanover,NC,34.2329,-77.8848
Gaston,NC,35.2944,-81.1803
Johnston,NC,35.5178,-78.3657
Montgomery,TN,36.4969,-87.3828
Norfolk,VA,36.8947,-76.257
Lake,OH,41.6963,-81.2372
Barnstable,MA,41.7244,-70.2903
Whatcom,WA,48.8259,-121.7199
Shelby,AL,33.2643,-86.6607
Caddo,LA,32.5806,-93.8823
Linn,IA,42.079,-91.599
Jefferson,MO,38.261,-90.5377
Richmond,VA,37.5294,-77.4756
Oneida,NY,43.2418,-75.4358
Clay,FL,29.9831,-81.8579
Delaware,OH,40.2784,-83.0049
Montgomery,AL,32.2203,-86.2076
Mahoning,OH,41.0146,-80.7763
Doña Ana,NM,32.3526,-106.8328
Jackson,OR,42.4322,-122.7285
Yolo,CA,38.6866,-121.9011
Mohave,AZ,35.7041,-113.7579
Hinds,MS,32.2667,-90.4429
York,ME,43.4782,-70.7144
Okaloosa,FL,30.6913,-86.5917
Lackawanna,PA,41.4367,-75.6092
Ellis,TX,32.3484,-96.7947
Benton,WA,46.2398,-119.5112
Hall,GA,34.3171,-83.8196
Yuma,AZ,32.7695,-113.9056
Clermont,OH,39.0476,-84.1517
Harrison,MS,30.5122,-89.116
Niagara,NY,43.2001,-78.7452
Anderson,SC,34.5193,-82.6378
Washington,PA,40.1894,-80.2483
Champaign,IL,40.1401,-88.1992
Butte,CA,39.6669,-121.6007
Onslow,NC,34.7322,-77.4322
Elkhart,IN,41.5974,-85.8587
Calcasieu,LA,30.2293,-93.3581
Hernando,FL,28.5537,-82.424
Deschutes,OR,43.915,-121.2281
Richmond,GA,33.3596,-82.0736
Hawaii,HI,19.5984,-155.5183
Sumner,TN,36.469,-86.4606
Muscogee,GA,32.51,-84.8771
Minnehaha,SD,43.6742,-96.7915
Charlotte,FL,26.9058,-81.9114
Trumbull,OH,41.317,-80.7613
St. Louis,MN,47.6032,-92.4707
Santa Rosa,FL,30.7004,-87.0219
Racine,WI,42.7475,-88.0613
Sarpy,NE,41.1129,-96.112
Broome,NY,42.1602,-75.8196
Butler,PA,40.912,-79.9133
Iredell,NC,35.8071,-80.8734
Washington,UT,37.2804,-113.5047
Livingston,MI,42.6029,-83.9115
Johnson,TX,32.379,-97.3666
Beaufort,SC,32.3857,-80.7306
Sangamon,IL,39.7582,-89.6589
Cass,ND,46.933,-97.248
Outagamie,WI,44.4161,-88.4649
El Dorado,CA,38.7787,-120.5247
DeSoto,MS,34.8753,-89.9912
Tippecanoe,IN,40.3886,-86.8941
Saginaw,MI,43.335,-84.0532
Boone,MO,38.9906,-92.3097
Kent,DE,39.086,-75.5686
Bay,FL,30.2652,-85.6203
Newport News,VA,37.105,-76.5181
Comal,TX,29.8082,-98.2783
Medina,OH,41.1176,-81.8997
Guadalupe,TX,29.5831,-97.9486
Hendricks,IN,39.7695,-86.51
Ulster,NY,41.8881,-74.2586
Kootenai,ID,47.6744,-116.7018
Licking,OH,40.0916,-82.4831
Shasta,CA,40.7637,-122.0405
Lee,AL,32.6011,-85.3555
Imperial,CA,33.0395,-115.3653
Vanderburgh,IN,38.0249,-87.5859
Peoria,IL,40.788,-89.76
Paulding,GA,33.9205,-84.8673
Shawnee,KS,39.0415,-95.7565
Pitt,NC,35.5933,-77.3745
Alamance,NC,36.0437,-79.3995
Kanawha,WV,38.3365,-81.5281
Muskegon,MI,43.2912,-86.152
Lower Connecticut River Valley,CT,41.45,-72.5073
Carroll,MD,39.5629,-77.0225
Porter,IN,41.4603,-87.0672
Midland,TX,31.8691,-102.0316
Scott,IA,41.6371,-90.6232
Aiken,SC,33.5442,-81.6347
Davidson,NC,35.7933,-80.2127
Kaufman,TX,32.5993,-96.2878
Winnebago,WI,44.0689,-88.6446
McLean,IL,40.4909,-88.8473
Kent,RI,41.6722,-71.5932
Kenton,KY,38.9334,-84.5333
Charles,MD,38.5073,-76.9922
Chittenden,VT,44.4611,-73.0813
Greene,OH,39.6915,-83.8899
Houston,GA,32.459,-83.6662
Pueblo,CO,38.1735,-104.5127
Canadian,OK,35.5424,-97.9824
Yellowstone,MT,45.9373,-108.2744
Kenosha,WI,42.5769,-88.0424
Wyandotte,KS,39.1146,-94.7646
Monroe,PA,41.0581,-75.3395
Dorchester,SC,33.0794,-80.4068
Indian River,FL,27.6943,-80.6064
Beaver,PA,40.6823,-80.3493
Johnson,IN,39.49,-86.1016
Parker,TX,32.7776,-97.8051
Ector,TX,31.8692,-102.5429
Maui,HI,20.8596,-156.565
Olmsted,MN,44.0038,-92.4018
Rock,WI,42.6712,-89.0716
Catawba,NC,35.662,-81.2151
Stafford,VA,38.4207,-77.458
Fairfield,OH,39.7516,-82.6306
Citrus,FL,28.8489,-82.4794
Columbia,GA,33.5441,-82.2641
Martin,FL,27.0775,-80.4315
Hampshire,MA,42.3402,-72.6638
Portage,OH,41.1677,-81.1974
Madera,CA,37.218,-119.7627
Stearns,MN,45.5521,-94.6131
Sullivan,TN,36.5129,-82.3042
Schenectady,NY,42.8181,-74.0586
Rensselaer,NY,42.7111,-73.5097
St. Clair,MI,42.9341,-82.6806
Jackson,MI,42.2485,-84.4234
Rankin,MS,32.2641,-89.9458
Wilson,TN,36.1547,-86.2973
Mesa,CO,39.0183,-108.4664
Centre,PA,40.9189,-77.8199
Ouachita,LA,32.4784,-92.1549
Franklin,PA,39.9274,-77.7213
Alexandria,VA,38.8185,-77.0861
Johnson,IA,41.6715,-91.5881
Bibb,GA,32.8065,-83.6974
Santa Fe,NM,35.5069,-105.9763
Merrimack,NH,43.2975,-71.6802
Washington,MD,39.6036,-77.814
Monroe,MI,41.9291,-83.5394
Penobscot,ME,45.4006,-68.6495
Scott,MN,44.6485,-93.5359
Sandoval,NM,35.6886,-106.8659
Cumberland,NJ,39.3739,-75.1107
Kings,CA,36.0752,-119.8155
Berrien,MI,41.9547,-86.4123
Coweta,GA,33.3533,-84.7634
Brunswick,NC,34.0715,-78.2383
Rowan,NC,35.6394,-80.5247
Orange,NC,36.0611,-79.1207
Wright,MN,45.174,-93.963
Livingston,LA,30.4401,-90.7279
Douglas,GA,33.7019,-84.7679
Spotsylvania,VA,38.1851,-77.6561
Randolph,NC,35.7103,-79.806
Randall,TX,34.9659,-101.897
Taylor,TX,32.3015,-99.8901
Sussex,NJ,41.1393,-74.6909
Jackson,MS,30.5425,-88.6358
Coconino,AZ,35.8387,-111.7705
Lebanon,PA,40.3672,-76.4577
Schuylkill,PA,40.7058,-76.216
Sumter,FL,28.7048,-82.081
Grayson,TX,33.6268,-96.6777
Rock Island,IL,41.4673,-90.5674
Monroe,IN,39.1609,-86.5231
Warren,KY,36.9936,-86.4238
Cache,UT,41.7225,-111.7436
Boone,KY,38.9699,-84.7278
Blount,TN,35.6872,-83.9255
Harnett,NC,35.3689,-78.8693
Marathon,WI,44.8983,-89.7591
Washington,WI,43.3685,-88.2307
Kendall,IL,41.5906,-88.4288
Hampton,VA,37.0554,-76.3632
Florence,SC,34.0245,-79.703
Tangipahoa,LA,30.6266,-90.4057
Washington,TN,36.2933,-82.4974
Clark,OH,39.9167,-83.7844
Napa,CA,38.507,-122.3306
Pickens,SC,34.8873,-82.7253
Humboldt,CA,40.6993,-123.8756
Calhoun,MI,42.2465,-85.0056
Strafford,NH,43.297,-71.0288
Wood,OH,41.3617,-83.623
Madison,IN,40.1616,-85.7194
Cambria,PA,40.4951,-78.7134
Skagit,WA,48.4795,-121.729
Black Hawk,IA,42.4701,-92.3088
Linn,OR,44.4887,-122.5343
Washington,RI,41.4697,-71.6226
Ascension,LA,30.2036,-90.9113
Tazewell,IL,40.5075,-89.5135
Hunterdon,NJ,40.5673,-74.9122
Wichita,TX,33.988,-98.7035
Bossier,LA,32.6784,-93.6049
Clarke,GA,33.9512,-83.3673
Bonneville,ID,43.3877,-111.6148
Berkeley,WV,39.4641,-78.0275
Berkshire,MA,42.3707,-73.2063
Sebastian,AR,35.1989,-94.2743
Faulkner,AR,35.147,-92.332
Rapides,LA,31.1986,-92.5332
Saline,AR,34.6466,-92.6766
Kennebec,ME,44.4091,-69.7673
Flagler,FL,29.4614,-81.3136
Fayette,PA,39.9201,-79.6474
Cochise,AZ,31.8796,-109.7512
Chautauqua,NY,42.2281,-79.3663
Gregg,TX,32.4805,-94.817
Richland,OH,40.7747,-82.5365
Carroll,GA,33.5828,-85.0798
Morgan,AL,34.4535,-86.8529
Jasper,MO,37.2036,-94.3406
Clark,IN,38.4772,-85.7073
Gallatin,MT,45.5404,-111.1704
Rockwall,TX,32.8978,-96.4079
Fayette,GA,33.414,-84.4943
Comanche,OK,34.6621,-98.4717
Allegan,MI,42.5913,-85.8883
Blair,PA,40.4811,-78.3483
San Juan,NM,36.5085,-108.3206
Missoula,MT,47.0365,-113.9237
La Crosse,WI,43.9066,-91.1152
Douglas,KS,38.8847,-95.2926
Lowndes,GA,30.8338,-83.2677
Tom Green,TX,31.4044,-100.4621
Wayne,NC,35.364,-78.004
Henderson,NC,35.3363,-82.48
Newton,GA,33.555,-83.8502
Sheboygan,WI,43.7212,-87.9454
Oswego,NY,43.4269,-76.1413
Robeson,NC,34.6402,-79.1039
Wayne,OH,40.8289,-81.888
Calhoun,AL,33.7714,-85.826
Potter,TX,35.4013,-101.8939
St. Mary's,MD,38.3024,-76.6058
Jefferson,NY,44.0495,-75.9203
Albemarle,VA,38.0229,-78.5567
Pennington,SD,44.0037,-102.8238
Lycoming,PA,41.3434,-77.0645
Androscoggin,ME,44.1658,-70.2065
Craighead,AR,35.8308,-90.6328
Northwest Hills,CT,41.8469,-73.2212
Bartow,GA,34.2377,-84.8403
Matanuska-Susitna,AK,62.316,-149.5729
Hanover,VA,37.7601,-77.491
Ontario,NY,42.8528,-77.2998
Cowlitz,WA,46.1932,-122.681
Delaware,IN,40.2275,-85.3969
Douglas,OR,43.2797,-123.1665
Hardin,KY,37.6979,-85.9634
LaPorte,IN,41.546,-86.74
Madison,MS,32.6347,-90.0337
Limestone,AL,34.8101,-86.9814
Bradley,TN,35.1541,-84.8596
Warren,NJ,40.8572,-74.9973
Cass,MO,38.647,-94.3549
Flathead,MT,48.2951,-114.0497
Platte,MO,39.3803,-94.7738
Miami,OH,40.0535,-84.2288
Carver,MN,44.8207,-93.8026
Mercer,PA,41.3022,-80.2577
Eaton,MI,42.5961,-84.8383
Hunt,TX,33.1236,-96.0855
Yamhill,OR,45.2326,-123.3081
LaSalle,IL,41.344,-88.8859
Navajo,AZ,35.3996,-110.3214
Houston,AL,31.1532,-85.3025
Dallas,IA,41.6849,-94.0398
Maury,TN,35.6169,-87.077
St. Lawrence,NY,44.4964,-75.0691
Monongalia,WV,39.6303,-80.0466
Eau Claire,WI,44.7268,-91.286
Kankakee,IL,41.1377,-87.8618
Bastrop,TX,30.1036,-97.312
Woodbury,IA,42.3897,-96.0448
Terrebonne,LA,29.4148,-90.8663
Adams,PA,39.8715,-77.2179
Vigo,IN,39.4306,-87.39
Franklin,MO,38.4111,-91.075
Highlands,FL,27.3433,-81.341
Walworth,WI,42.6685,-88.5419
Cecil,MD,39.5712,-75.9407
Wicomico,MD,38.3733,-75.6208
Moore,NC,35.3106,-79.4814
Sumter,SC,33.9162,-80.3822
Tompkins,NY,42.452,-76.4736
Lancaster,SC,34.6867,-80.7055
Fond du Lac,WI,43.7536,-88.4883
Daviess,KY,37.7318,-87.0873
Whitfield,GA,34.8056,-84.9672
Liberty,TX,30.1516,-94.8122
Walton,GA,33.7816,-83.7339
Etowah,AL,34.0453,-86.0348
Bay,MI,43.7075,-83.9924
Craven,NC,35.1249,-77.0939
Nevada,CA,39.3013,-120.7689
Macon,IL,39.86,-88.9616
Grant,WA,47.2057,-119.4518
Allen,OH,40.7715,-84.1058
Laramie,WY,41.307,-104.6895
Cleveland,NC,35.3341,-81.5555
Columbiana,OH,40.7684,-80.7772
DeKalb,IL,41.8935,-88.7703
Burleigh,ND,46.9775,-100.4687
Sherburne,MN,45.444,-93.7748
Story,IA,42.0362,-93.465
Garland,AR,34.5767,-93.1504
Marshall,AL,34.367,-86.3066
Floyd,GA,34.2632,-85.2143
Sevier,TN,35.7846,-83.5242
Madison,TN,35.6081,-88.8385
Montgomery,VA,37.1743,-80.3872
Dubuque,IA,42.4688,-90.8825
Franklin,WA,46.5347,-118.899
Sutter,CA,39.0346,-121.6948
Suffolk,VA,36.6953,-76.6398
Rogers,OK,36.3715,-95.6043
Lenawee,MI,41.8951,-84.0664
Roanoke,VA,37.2785,-79.958
Putnam,NY,41.4267,-73.7495
Nassau,FL,30.6107,-81.8019
Portsmouth,VA,36.8453,-76.3554
Ashtabula,OH,41.7072,-80.7482
Roanoke,VA,37.2693,-80.068
Northeastern Connecticut,CT,41.827,-71.9769
Benton,OR,44.4918,-123.4293
Lafourche,LA,29.5662,-90.4256
Nash,NC,35.9673,-77.9864
Grand Traverse,MI,44.6687,-85.5605
St. Croix,WI,45.034,-92.4526
Lauderdale,AL,34.9014,-87.654
Madison,KY,37.7202,-84.278
Geauga,OH,41.4996,-81.1786
Fairbanks North Star,AK,64.8078,-146.5654
Rockdale,GA,33.6542,-84.0266
Frederick,VA,39.2046,-78.2626
Cape May,NJ,39.1494,-74.8005
Calvert,MD,38.5434,-76.5687
St. Clair,AL,33.7157,-86.3146
Twin Falls,ID,42.356,-114.6672
Campbell,KY,38.9465,-84.3795
Pottawattamie,IA,41.3366,-95.5423
Ozaukee,WI,43.384,-87.9509
Christian,MO,36.9696,-93.1889
Cabell,WV,38.4203,-82.2417
Lincoln,NC,35.4856,-81.2235
Steuben,NY,42.2678,-77.3838
Tuscarawas,OH,40.4409,-81.4737
Rockingham,NC,36.396,-79.775
Grafton,NH,43.9407,-71.8208
Bowie,TX,33.4458,-94.4234
Victoria,TX,28.7964,-96.9715
Wayne,NY,43.1566,-77.0294
Cullman,AL,34.1319,-86.8676
Northumberland,PA,40.852,-76.7095
Mendocino,CA,39.4402,-123.3915
Barrow,GA,33.9932,-83.7127
Polk,OR,44.9035,-123.4132
Elmore,AL,32.5966,-86.1492
Bannock,ID,42.6685,-112.2246
Lapeer,MI,43.0901,-83.2218
Dodge,WI,43.4163,-88.7075
Josephine,OR,42.3655,-123.5555
Burke,NC,35.7496,-81.7048
Angelina,TX,31.2548,-94.6119
Island,WA,48.163,-122.5481
Wagoner,OK,35.9611,-95.5212
Muskingum,OH,39.9654,-81.9444
Jefferson,WI,43.0208,-88.7759
Rockingham,VA,38.512,-78.8757
Glynn,GA,31.2309,-81.5407
Orange,TX,30.1213,-93.8939
Lewis,WA,46.5778,-122.3927
Lawrence,PA,40.9912,-80.3347
Henderson,TX,32.2119,-95.8536
Jackson,GA,34.134,-83.5665
Coryell,TX,31.3909,-97.7993
Newport,RI,41.5568,-71.2363
Cascade,MT,47.3079,-111.347
Yuba,CA,39.269,-121.3513
Hancock,IN,39.8236,-85.7733
Bullitt,KY,37.9701,-85.6959
Midland,MI,43.6468,-84.3881
Howard,IN,40.4836,-86.1169
Buchanan,MO,39.6598,-94.8059
Bartholomew,IN,39.206,-85.8976
Wood,WV,39.2112,-81.515
Orangeburg,SC,33.439,-80.8003
Leavenworth,KS,39.1993,-95.038
Dougherty,GA,31.5335,-84.2164
Indiana,PA,40.652,-79.0876
Lee,MS,34.2899,-88.6804
Payne,OK,36.0773,-96.9756
Walton,FL,30.6436,-86.1697
Cape Girardeau,MO,37.384,-89.6845
Crawford,PA,41.6847,-80.1062
Bulloch,GA,32.3968,-81.7432
Putnam,TN,36.1408,-85.4952
Chemung,NY,42.1413,-76.76
Monroe,FL,25.3191,-81.1089
St. Landry,LA,30.5989,-92.0058
Manitowoc,WI,44.12,-87.8097
Talladega,AL,33.3801,-86.1659
James City,VA,37.3289,-76.7789
Floyd,IN,38.3187,-85.907
Bedford,VA,37.3152,-79.5242
Caldwell,NC,35.953,-81.5464
Oconee,SC,34.7535,-83.0659
Kosciusko,IN,41.2441,-85.8607
Walker,TX,30.739,-95.5723
Chelan,WA,47.8692,-120.619
Chatham,NC,35.7026,-79.2554
Natrona,WY,42.9622,-106.7986
Umatilla,OR,45.5919,-118.7369
Sullivan,NY,41.7164,-74.7681
Clinton,MI,42.9437,-84.6015
Lynchburg,VA,37.4004,-79.1908
Tooele,UT,40.4487,-113.1311
Wilson,NC,35.7051,-77.9187
Anderson,TN,36.1185,-84.1985
Clearfield,PA,41,-78.4742
Clinton,NY,44.7462,-73.6782
Valencia,NM,34.7155,-106.8091
Forrest,MS,31.1889,-89.2579
Augusta,VA,38.1644,-79.1338
White,AR,35.2563,-91.7456
Clallam,WA,48.0493,-123.9308
Cheshire,NH,42.9193,-72.2512
Grays Harbor,WA,47.1503,-123.7735
Cole,MO,38.5054,-92.2816
Ross,OH,39.3376,-83.057
Broomfield,CO,39.9541,-105.0527
Cattaraugus,NY,42.2486,-78.6788
Van Buren,MI,42.2513,-86.0188
Robertson,TN,36.5255,-86.8706
Lonoke,AR,34.7543,-91.8888
Putnam,FL,29.6087,-81.7443
Cayuga,NY,42.9175,-76.5545
Wise,TX,33.2159,-97.6545
Hancock,OH,41.0019,-83.6665
Boone,IN,40.0508,-86.4687
Erie,OH,41.3641,-82.6194
Fauquier,VA,38.7386,-77.8092
Franklin,NC,36.0827,-78.2857
Wood,WI,44.4553,-90.0416
Lea,NM,32.7921,-103.4125
Kauai,HI,22.04,-159.5961
Lewis and Clark,MT,47.1224,-112.3905
Pottawatomie,OK,35.2066,-96.9484
Raleigh,WV,37.7713,-81.2487
Grand Forks,ND,47.9219,-97.4569
Creek,OK,35.9026,-96.3709
Somerset,PA,39.9725,-79.0283
Morgan,IN,39.4816,-86.4462
Scioto,OH,38.8039,-82.9929
Vermilion,IL,40.1834,-87.7328
DeKalb,AL,34.4598,-85.8041
Christian,KY,36.8941,-87.4904
Riley,KS,39.2966,-96.7352
Columbia,FL,30.2242,-82.6215
Greene,TN,36.1753,-82.8458
Lauderdale,MS,32.4043,-88.6626
Surry,NC,36.4146,-80.688
York,VA,37.2431,-76.5635
Franklin,MA,42.5831,-72.5918
Portage,WI,44.476,-89.5014
Lincoln,SD,43.2789,-96.7218
McKinley,NM,35.5807,-108.2618
Troup,GA,33.0335,-85.0284
Klamath,OR,42.6864,-121.6501
San Patricio,TX,28.0092,-97.5188
Harrison,TX,32.5481,-94.3715
Blue Earth,MN,44.0346,-94.067
Greenwood,SC,34.1537,-82.1259
Oldham,KY,38.3994,-85.4483
Carteret,NC,34.8357,-76.6589
Effingham,GA,32.3674,-81.3414
Ward,ND,48.2217,-101.5418
Spalding,GA,33.2609,-84.2841
Otero,NM,32.6132,-105.7414
Walker,GA,34.7356,-85.301
Laurens,SC,34.4834,-82.0057
Catoosa,GA,34.9036,-85.1382
Iberia,LA,29.8967,-91.7308
Kershaw,SC,34.3388,-80.5902
Butler,KS,37.7813,-96.8391
Lake,CA,39.1,-122.7534
Shiawassee,MI,42.9537,-84.1467
Mason,WA,47.3483,-123.193
Rice,MN,44.3543,-93.2967
Montcalm,MI,43.311,-85.1525
Crow Wing,MN,46.4824,-94.0709
McCracken,KY,37.054,-88.7128
Allegany,MD,39.6214,-78.6976
Liberty,GA,31.8282,-81.4949
Madison,NY,42.9128,-75.6696
Union,OH,40.2994,-83.3716
San Benito,CA,36.6057,-121.075
Marquette,MI,46.4313,-87.6416
Aroostook,ME,46.6589,-68.5989
St. Francois,MO,37.8103,-90.4722
Williamson,IL,37.7303,-88.9299
Chippewa,WI,45.0694,-91.2799
Ionia,MI,42.9451,-85.0746
Jones,MS,31.6225,-89.1688
Muskogee,OK,35.6162,-95.3795
Wayne,IN,39.8644,-85.0099
Grant,IN,40.5158,-85.6547
Starr,TX,26.5621,-98.7387
Clay,MN,46.8923,-96.4906
Sauk,WI,43.4267,-89.9482
Wilkes,NC,36.2062,-81.163
Pulaski,KY,37.1039,-84.5772
Hood,TX,32.4299,-97.8323
Lee,NC,35.4752,-79.1715
Lamar,MS,31.206,-89.5087
Hamblen,TN,36.2171,-83.2667
Pender,NC,34.5249,-77.9052
Warren,NY,43.561,-73.846
Belmont,OH,40.0158,-80.9885
Carbon,PA,40.9182,-75.7089
Columbia,PA,41.0486,-76.4052
Apache,AZ,35.3955,-109.4888
Salem,NJ,39.5876,-75.3491
Warrick,IN,38.0922,-87.2721
Tehama,CA,40.1256,-122.2341
Nacogdoches,TX,31.616,-94.6159
Marion,OH,40.5872,-83.1609
Harrison,WV,39.2835,-80.3799
Rutherford,NC,35.4026,-81.9198
Walker,AL,33.8033,-87.2973
Coos,OR,43.1742,-124.0594
Georgetown,SC,33.4343,-79.3327
Jefferson,AR,34.2683,-91.9304
Adams,IL,39.9879,-91.1885
Belknap,NH,43.5179,-71.4227
Stanly,NC,35.3119,-80.251
Armstrong,PA,40.8121,-79.4646
Isabella,MI,43.6406,-84.8468
Jefferson,OH,40.385,-80.761
Chaves,NM,33.3633,-104.4669
Pope,AR,35.4479,-93.0345
Cumberland,TN,35.9504,-84.9984
Barry,MI,42.595,-85.309
Knox,OH,40.3988,-82.4215
Lincoln,MO,39.058,-90.96
Laurel,KY,37.1107,-84.1178
Haywood,NC,35.556,-82.9822
Van Zandt,TX,32.5637,-95.8365
Darlington,SC,34.3325,-79.9577
Hall,NE,40.8726,-98.5022
Garfield,CO,39.5993,-107.904
Iron,UT,37.8592,-113.2895
Walla Walla,WA,46.2298,-118.4784
Garfield,OK,36.3791,-97.7827
Athens,OH,39.3339,-82.0452
Lyon,NV,39.0206,-119.189
Tipton,TN,35.4973,-89.7566
Reno,KS,37.953,-98.086
Waller,TX,30.0108,-95.9876
Livingston,NY,42.728,-77.7755
Box Elder,UT,41.521,-113.0821
Crawford,AR,35.5881,-94.2428
Eddy,NM,32.4714,-104.3044
Columbia,NY,42.2501,-73.6318
St. Joseph,MI,41.9144,-85.5278
Granville,NC,36.304,-78.6527
Pike,PA,41.332,-75.0338
Washington,NY,43.3137,-73.4308
Otter Tail,MN,46.4088,-95.708
Rutland,VT,43.5801,-73.0363
Kenai Peninsula,AK,60.2654,-151.5651
Pickaway,OH,39.6419,-83.0244
Newton,MO,36.9055,-94.3393
Otsego,NY,42.6338,-75.0326
Washington,VT,44.2736,-72.6147
Autauga,AL,32.5349,-86.6427
Bradford,PA,41.7887,-76.5154
Pittsylvania,VA,36.8213,-79.3971
Herkimer,NY,43.4193,-74.9624
Coffee,TN,35.4906,-86.0748
Scott,KY,38.2916,-84.5839
Blount,AL,33.9809,-86.5674
Sampson,NC,34.9916,-78.3714
Jefferson,WV,39.3076,-77.8628
Oxford,ME,44.4999,-70.7566
Gordon,GA,34.5032,-84.8759
Washington,OH,39.4553,-81.4953
Russell,AL,32.2884,-85.1849
Sandusky,OH,41.3562,-83.1464
Loudon,TN,35.7348,-84.3119
Mercer,WV,37.4055,-81.1114
Anderson,TX,31.8133,-95.6525
Carson City,NV,39.1511,-119.7476
Lafayette,MS,34.3568,-89.485
Huron,OH,41.1463,-82.598
Columbia,WI,43.4666,-89.3337
Maverick,TX,28.7426,-100.3145
Colbert,AL,34.7005,-87.8049
Chisago,MN,45.5025,-92.9083
Windsor,VT,43.5799,-72.5862
Hawkins,TN,36.4412,-82.9447
Lowndes,MS,33.4729,-88.4433
Genesee,NY,43.0009,-78.1937
Hardin,TX,30.3324,-94.3902
Pearl River,MS,30.7688,-89.5896
Putnam,WV,38.5086,-81.909
Vermilion,LA,29.8465,-92.3242
Camden,GA,30.9306,-81.6699
Acadia,LA,30.2906,-92.412
Jefferson,TN,36.051,-83.4463
Lawrence,OH,38.5984,-82.5368
Pike,KY,37.4691,-82.3958
Carter,TN,36.2928,-82.1275
Cherokee,SC,35.0481,-81.6206
Grady,OK,35.0169,-97.8841
Taney,MO,36.6548,-93.0411
Hancock,ME,44.6647,-68.3584
La Plata,CO,37.2866,-107.8433
Dickson,TN,36.149,-87.3567
Marion,WV,39.51,-80.2434
Campbell,VA,37.2054,-79.0966
Roane,TN,35.8479,-84.5232
Eagle,CO,39.6278,-106.6953
Franklin,VA,36.992,-79.8811
Watauga,NC,36.2311,-81.6964
Whiteside,IL,41.7562,-89.9141
Coffee,AL,31.4027,-85.9882
Lenoir,NC,35.2388,-77.6413
McMinn,TN,35.4247,-84.6175
Seneca,OH,41.1239,-83.1277
Johnson,MO,38.7441,-93.8064
Navarro,TX,32.047,-96.4725
Madison,ID,43.7841,-111.6592
Jessamine,KY,37.872,-84.5809
Tuolumne,CA,38.0276,-119.9548
Warren,IA,41.3343,-93.5615
Culpeper,VA,38.486,-77.9558
Nye,NV,38.0423,-116.4719
Elko,NV,41.1457,-115.3577
Washington,VA,36.7244,-81.9598
Pulaski,MO,37.8246,-92.2076
Hoke,NC,35.0175,-79.2373
Gila,AZ,33.7997,-110.8116
Worcester,MD,38.2128,-75.334
Saline,KS,38.7838,-97.65
Medina,TX,29.3557,-99.1101
Columbia,OR,45.9438,-123.0883
Kerr,TX,30.0615,-99.35
Washington,OK,36.7152,-95.9044
Boone,IL,42.3231,-88.8234
Grundy,IL,41.2851,-88.4185
Jackson,IL,37.7851,-89.3821
Jackson,AL,34.7795,-85.9993
Tuscola,MI,43.4641,-83.4167
Calumet,WI,44.0816,-88.2181
Rusk,TX,32.1077,-94.7618
Polk,TX,30.7927,-94.83
Wilson,TX,29.174,-98.0866
Burnet,TX,30.7884,-98.1823
Fulton,NY,43.1138,-74.4222
Ashland,OH,40.846,-82.2707
Bedford,TN,35.5138,-86.4589
Logan,OK,35.9193,-97.4433
Cherokee,TX,31.837,-95.1652
Franklin,KY,38.2391,-84.8771
Queen Anne's,MD,39.068,-76.02
Carroll,NH,43.8738,-71.2031
Oktibbeha,MS,33.425,-88.8793
Grant,WI,42.8675,-90.7062
Darke,OH,40.1332,-84.6193
Waupaca,WI,44.4705,-88.9648
Cass,MI,41.9154,-85.9935
Chambers,TX,29.7384,-94.61
Ogle,IL,42.0426,-89.3207
St. Charles,LA,29.9055,-90.3582
Harrisonburg,VA,38.4362,-78.8735
St. Martin,LA,30.1291,-91.6083
Wayne,PA,41.6487,-75.3033
Dearborn,IN,39.1452,-84.9732
Bonner,ID,48.3,-116.6011
Atascosa,TX,28.8935,-98.5272
Lincoln,OR,44.642,-123.8682
Somerset,ME,45.5139,-69.9589
Gibson,TN,35.9966,-88.9326
Newaygo,MI,43.5542,-85.8009
Lamar,TX,33.6673,-95.5712
Franklin,VT,44.8576,-72.9131
Buffalo,NE,40.8552,-99.075
Bristol,RI,41.7173,-71.284
Columbus,NC,34.2657,-78.655
Henry,VA,36.6828,-79.874
Venango,PA,41.401,-79.758
Laurens,GA,32.4636,-82.9222
Winona,MN,43.9869,-91.7792
Bingham,ID,43.2166,-112.3981
Fremont,CO,38.4731,-105.4395
Douglas,NV,38.9123,-119.6162
Dale,AL,31.4318,-85.611
Montgomery,NY,42.9023,-74.4397
Duplin,NC,34.9365,-77.933
Shelby,KY,38.2155,-85.1948
Le Flore,OK,34.9003,-94.7034
Knox,IL,40.9318,-90.2132
Henry,IN,39.9311,-85.3964
Santa Cruz,AZ,31.5259,-110.8465
Edgecombe,NC,35.9129,-77.5971
Caldwell,TX,29.8368,-97.6199
Henry,IL,41.3531,-90.1314
Kendall,TX,29.9447,-98.7115
Carter,OK,34.2509,-97.2858
Bryan,GA,32.0145,-81.4436
Bryan,OK,33.9623,-96.2598
Jackson,FL,30.7954,-85.2155
Lincoln,LA,32.6016,-92.6649
Stevens,WA,48.3991,-117.8552
Goodhue,MN,44.4097,-92.7229
Cherokee,OK,35.9067,-94.9997
Shelby,OH,40.3316,-84.2048
Boyd,KY,38.3596,-82.6878
Tioga,NY,42.1703,-76.3063
St. Mary,LA,29.7207,-91.4486
Habersham,GA,34.631,-83.5311
Val Verde,TX,29.8929,-101.1517
Monroe,TN,35.4427,-84.2527
Halifax,NC,36.2574,-77.6517
Curry,NM,34.5742,-103.347
Nelson,KY,37.8052,-85.466
Bedford,PA,40.0065,-78.4903
Noble,IN,41.3986,-85.4175
Greene,NY,42.2765,-74.1227
Crittenden,AR,35.2057,-90.3078
Campbell,WY,44.2482,-105.5482
Kittitas,WA,47.1244,-120.6799
Allegany,NY,42.2574,-78.0276
Vernon,LA,31.1083,-93.1843
Whitman,WA,46.9012,-117.523
Wood,TX,32.7864,-95.3821
Barron,WI,45.4237,-91.8483
Coles,IL,39.5203,-88.2217
Ravalli,MT,46.0817,-114.1207
Franklin,NY,44.5929,-74.3038
Jackson,IN,38.9064,-86.0375
Beltrami,MN,47.9738,-94.9376
Greene,AR,36.1176,-90.5591
Chenango,NY,42.4935,-75.6116
Marshall,IN,41.3248,-86.2618
Clinton,IA,41.898,-90.532
Calaveras,CA,38.2046,-120.5541
Cortland,NY,42.595,-76.0703
Perry,PA,40.3984,-77.2623
Colquitt,GA,31.1884,-83.7688
Monroe,WI,43.9457,-90.6178
Hancock,MS,30.4165,-89.489
Auglaize,OH,40.5609,-84.2217
Logan,OH,40.3885,-83.7658
Mifflin,PA,40.6104,-77.617
Osage,OK,36.6292,-96.3985
Chilton,AL,32.8479,-86.7188
Windham,VT,42.9906,-72.7139
Thomas,GA,30.8637,-83.9193
Hillsdale,MI,41.8878,-84.5929
Polk,WI,45.4614,-92.4414
Dunn,WI,44.9466,-91.8964
Charlottesville,VA,38.0375,-78.4855
Levy,FL,29.3184,-82.7434
Lawrence,TN,35.2174,-87.3956
Suwannee,FL,30.1956,-82.9915
Branch,MI,41.9161,-85.059
Itasca,MN,47.5095,-93.6319
McClain,OK,35.0093,-97.4443
Shelby,IN,39.5237,-85.7917
Phelps,MO,37.8772,-91.7923
Stokes,NC,36.4019,-80.2397
Washington,LA,30.8533,-90.0405
Hopkins,KY,37.3088,-87.5408
Lawrence,IN,38.8412,-86.4834
Barren,KY,36.9656,-85.9337
Shenandoah,VA,38.8583,-78.5709
McDowell,NC,35.6817,-82.0493
Callaway,MO,38.8355,-91.926
Beaufort,NC,35.494,-76.8598
Delaware,NY,42.1981,-74.9665
Madison,OH,39.8942,-83.4004
St. Bernard,LA,29.8691,-89.5549
Holmes,OH,40.5612,-81.9293
Douglas,WA,47.7361,-119.6918
Macoupin,IL,39.261,-89.9245
Henderson,KY,37.7958,-87.5729
Douglas,WI,46.4329,-91.9162
Davie,NC,35.9291,-80.5445
Kandiyohi,MN,45.1524,-95.0047
Franklin,TN,35.1556,-86.0937
Jefferson,PA,41.1282,-78.9994
Brown,OH,38.9338,-83.8673
Montrose,CO,38.4022,-108.2692
DeKalb,IN,41.3976,-84.9991
Erath,TX,32.2363,-98.2179
Polk,GA,34.0018,-85.1881
Chesterfield,SC,34.6398,-80.1587
Jackson,NC,35.2876,-83.1408
Stephenson,IL,42.3518,-89.6623
Sullivan,NH,43.3613,-72.2221
Gadsden,FL,30.5795,-84.6137
Camden,MO,38.027,-92.766
Huntingdon,PA,40.4169,-77.9812
Baldwin,GA,33.0693,-83.2496
Kay,OK,36.818,-97.1439
Dubois,IN,38.3643,-86.8798
Pittsburg,OK,34.9239,-95.7484
Oconee,GA,33.835,-83.4371
Stephens,OK,34.4856,-97.8515
Highland,OH,39.1847,-83.601
Siskiyou,CA,41.5927,-122.5404
Okanogan,WA,48.5488,-119.7408
Pettis,MO,38.7283,-93.2851
Coffee,GA,31.5493,-82.8492
Fayette,TN,35.197,-89.4142
Prince George,VA,37.1865,-77.2242
Cooke,TX,33.6393,-97.2126
Warren,MS,32.3573,-90.852
Manassas,VA,38.7479,-77.4839
Summit,UT,40.8683,-110.9557
Washington,MS,33.2839,-90.9474
Nez Perce,ID,46.3268,-116.7502
Cerro Gordo,IA,43.0816,-93.2608
Isanti,MN,45.5615,-93.2951
Pierce,WI,44.7194,-92.4224
Upshur,TX,32.7363,-94.9415
Muscatine,IA,41.4839,-91.1127
Mercer,OH,40.54,-84.6294
Union,PA,40.963,-77.0622
Baxter,AR,36.2872,-92.3369
Hendry,FL,26.5535,-81.1659
Miller,AR,33.3124,-93.8921
Richmond,NC,35.0059,-79.7479
Vance,NC,36.3649,-78.4079
Fulton,OH,41.6018,-84.1301
Danville,VA,36.5831,-79.4087
Warren,TN,35.6787,-85.7785
Marinette,WI,45.3834,-88.0337
Butler,MO,36.7164,-90.4066
Clinton,OH,39.4149,-83.8084
Cheatham,TN,36.2611,-87.0868
Wharton,TX,29.2779,-96.2221
Crawford,OH,40.8508,-82.9198
Benton,MN,45.6991,-93.9988
Ohio,WV,40.0969,-80.6189
Sweetwater,WY,41.6595,-108.8796
Warren,VA,38.9087,-78.2085
Tift,GA,31.4574,-83.5266
Amador,CA,38.4464,-120.6511
Gratiot,MI,43.2927,-84.6049
Clatsop,OR,45.995,-123.6557
Delaware,OK,36.4082,-94.8026
Mecosta,MI,43.6408,-85.3246
Latah,ID,46.8162,-116.7117
Shawano,WI,44.7892,-88.7654
Knox,ME,44.141,-69.1687
Tioga,PA,41.7722,-77.2543
Tallapoosa,AL,32.8624,-85.7975
Pasquotank,NC,36.2955,-76.2843
Okeechobee,FL,27.3864,-80.8886
LaGrange,IN,41.6426,-85.4265
Preble,OH,39.7415,-84.648
St. John the Baptist,LA,30.1264,-90.471
Murray,GA,34.7884,-84.7481
Webster,MO,37.2809,-92.8759
Sanilac,MI,43.4236,-82.8203
Howell,MO,36.774,-91.8865
Mower,MN,43.6715,-92.7525
Waldo,ME,44.5026,-69.1453
Marshall,IA,42.0358,-92.9988
Rio Arriba,NM,36.5096,-106.6931
Ottawa,OH,41.5379,-83.1435
Louisa,VA,37.9786,-77.963
Isle of Wight,VA,36.8912,-76.7259
McKean,PA,41.8076,-78.569
Sequoyah,OK,35.4953,-94.7552
Harrison,IN,38.1951,-86.1115
Campbell,TN,36.4035,-84.1494
Wyoming,NY,42.7024,-78.2244
Snyder,PA,40.7698,-77.0702
Tazewell,VA,37.125,-81.5606
Orleans,NY,43.2521,-78.2312
Mayes,OK,36.3019,-95.2307
Pike,MS,31.1749,-90.4042
Oconto,WI,45.0264,-88.2697
Douglas,MN,45.9338,-95.4535
Williams,ND,48.3437,-103.4802
Person,NC,36.39,-78.9718
Fremont,WY,43.0405,-108.6304
Gloucester,VA,37.416,-76.5434
Fayette,WV,38.0287,-81.0812
Graham,AZ,32.9326,-109.8875
Mississippi,AR,35.7624,-90.0522
Crawford,KS,37.5073,-94.8518
Avoyelles,LA,31.0763,-92.0014
Jim Wells,TX,27.7314,-98.0899
Champaign,OH,40.1377,-83.7696
Colleton,SC,32.8638,-80.6671
Lawrence,MO,37.1064,-93.833
Des Moines,IA,40.9232,-91.1815
Newberry,SC,34.2898,-81.6001
Brown,TX,31.7742,-98.9998
Defiance,OH,41.3239,-84.4905
Montgomery,IN,40.0404,-86.8933
Woodford,IL,40.7883,-89.2113
Albany,WY,41.6545,-105.7238
Pontotoc,OK,34.728,-96.6844
Calloway,KY,36.621,-88.2723
Guernsey,OH,40.052,-81.4943
Susquehanna,PA,41.8214,-75.8007
Independence,AR,35.7416,-91.5697
Oneida,WI,45.7055,-89.5218
Wayne,WV,38.1459,-82.427
Boone,AR,36.3086,-93.0915
Finney,KS,38.0443,-100.737
Jasper,IA,41.686,-93.0538
Macon,NC,35.1505,-83.4222
Scott,MO,37.053,-89.5686
Warren,PA,41.8145,-79.2741
Talbot,MD,38.7714,-76.0971
Union,AR,33.1713,-92.5972
Brown,SD,45.5898,-98.3516
Dare,NC,35.7824,-75.7988
Orange,VA,38.2461,-78.014
Clinton,PA,41.234,-77.6385
Hopkins,TX,33.1496,-95.564
Houghton,MI,46.8976,-88.6875
Cass,IN,40.7615,-86.346
Addison,VT,44.0309,-73.1408
Covington,AL,31.2485,-86.4513
Yadkin,NC,36.1605,-80.6652
Steele,MN,44.0223,-93.2261
Dodge,NE,41.5779,-96.654
Hill,TX,31.9907,-97.1324
Fannin,TX,33.5938,-96.1069
Franklin,IL,37.9923,-88.9242
Sagadahoc,ME,43.9598,-69.8546
Putnam,IN,39.6663,-86.845
Bennington,VT,43.0354,-73.0932
Clark,KY,37.9708,-84.1474
Clarion,PA,41.1924,-79.421
Warren,MO,38.7646,-91.1607
Uintah,UT,40.1248,-109.5186
Green,WI,42.68,-89.6022
Marion,IL,38.6496,-88.919
Essex,NY,44.1172,-73.7726
Clinton,IL,38.6065,-89.4225
Whitley,KY,36.7581,-84.1452
Okmulgee,OK,35.6466,-95.9643
Webster,IA,42.4279,-94.1818
Dallas,AL,32.326,-87.1065
Cocke,TN,35.9254,-83.1212
Delta,MI,45.9193,-86.9241
Huntington,IN,40.8292,-85.4881
McLeod,MN,44.8236,-94.2724
Coshocton,OH,40.3017,-81.9201
Williams,OH,41.5603,-84.5881
Natchitoches,LA,31.7234,-93.0962
Beauregard,LA,30.6486,-93.3432
Washington,TX,30.2145,-96.4034
Wasatch,UT,40.3308,-111.1682
Graves,KY,36.7231,-88.6512
Escambia,AL,31.1261,-87.1615
Jefferson,IL,38.3005,-88.924
Carlton,MN,46.5924,-92.677
Dyer,TN,36.0592,-89.4137
Alexander,NC,35.921,-81.177
Laclede,MO,37.6583,-92.5903
Matagorda,TX,28.8212,-96.011
Chippewa,MI,46.3053,-84.578
Adams,IN,40.7457,-84.9367
Sioux,IA,43.0826,-96.1779
Lincoln,ME,44.0665,-69.5434
Harris,GA,32.736,-84.9089
Marshall,TN,35.4689,-86.765
Knox,IN,38.6891,-87.418
Ware,GA,31.0538,-82.4237
Lincoln,TN,35.1405,-86.589
Scotts Bluff,NE,41.8506,-103.708
Webster,LA,32.7135,-93.335
Geary,KS,39.0024,-96.7525
Silver Bow,MT,45.9024,-112.6567
Miami,IN,40.7695,-86.045
Livingston,IL,40.8916,-88.5577
Perry,OH,39.7371,-82.2361
Madison,NE,41.9167,-97.6008
Greenup,KY,38.5457,-82.9223
Wise,VA,36.9752,-82.6212
Morrow,OH,40.5241,-82.7941
Wakulla,FL,30.1673,-84.4007
DeSoto,FL,27.1863,-81.8095
Wapello,IA,41.0306,-92.4095
Brookings,SD,44.3697,-96.7904
Becker,MN,46.9346,-95.674
Floyd,KY,37.5571,-82.7457
Monroe,IL,38.2785,-90.1773
Barry,MO,36.7099,-93.8291
Pickens,GA,34.4643,-84.4656
Miami,KS,38.5635,-94.8381
Lincoln,MS,31.5324,-90.454
Greene,PA,39.8538,-80.2229
Clark,WI,44.7347,-90.6121
Steuben,IN,41.6439,-85.0008
Platte,NE,41.5713,-97.5211
Whitley,IN,41.1394,-85.5051
Taos,NM,36.5783,-105.631
Effingham,IL,39.0598,-88.5899
Lumpkin,GA,34.5722,-84.0027
Nicollet,MN,44.3499,-94.2475
Cowley,KS,37.2377,-96.8375
Putnam,OH,41.0221,-84.1317
Alcorn,MS,34.8808,-88.5803
Morrison,MN,46.0126,-94.2684
Lincoln,OK,35.703,-96.8809
Chambers,AL,32.9143,-85.392
Preston,WV,39.4693,-79.6682
Emmet,MI,45.5202,-84.8904
Wexford,MI,44.3383,-85.5785
Ford,KS,37.6917,-99.888
Botetourt,VA,37.5571,-79.8123
Rhea,TN,35.6087,-84.9244
Marshall,MS,34.7623,-89.5031
Lee,IL,41.7461,-89.3003
Lincoln,NE,41.0477,-100.7453
Morton,ND,46.7161,-101.2811
Harvey,KS,38.0432,-97.4272
Monroe,MS,33.8923,-88.4805
Transylvania,NC,35.2021,-82.7982
Pulaski,VA,37.0636,-80.7144
Caroline,MD,38.8717,-75.8316
Daviess,IN,38.7024,-87.072
Marion,IA,41.3344,-93.0994
Halifax,VA,36.7669,-78.9366
Lee,GA,31.7795,-84.1411
Scotland,NC,34.8409,-79.4804
Jefferson,WA,47.7486,-123.5964
Christian,IL,39.5458,-89.2773
Petersburg,VA,37.2043,-77.3913
Accomack,VA,37.7644,-75.6334
Stark,ND,46.8107,-102.6551
Lawrence,AL,34.5217,-87.311
Jasper,IN,41.023,-87.1161
Hot Spring,AR,34.3177,-92.9461
Jefferson,ID,43.8201,-112.3113
Lafayette,MO,39.0655,-93.7854
Morgan,IL,39.7156,-90.2015
Fulton,IL,40.4728,-90.2075
Weakley,TN,36.2983,-88.7178
Gibson,IN,38.3119,-87.5846
Jefferson,IN,38.7858,-85.4386
Pike,AL,31.8027,-85.9409
Clinton,IN,40.3017,-86.4751
Seneca,NY,42.781,-76.8238
Lee,IA,40.642,-91.4793
Bureau,IL,41.4041,-89.5286
Panola,MS,34.3639,-89.9506
Dorchester,MD,38.4829,-76.0125
Jasper,TX,30.744,-94.0251
Jackson,OH,39.0197,-82.6184
Lake,MT,47.6459,-114.0894
Claiborne,TN,36.4859,-83.6604
Polk,MO,37.6165,-93.4005
Gilmer,GA,34.6912,-84.4556
Henry,TN,36.3318,-88.3013
Greenbrier,WV,37.9469,-80.453
Howard,TX,32.3062,-101.4356
Lyon,KS,38.4562,-96.1526
Chester,SC,34.6921,-81.1597
Jasper,SC,32.4375,-81.0317
Hale,TX,34.0705,-101.8269
Caroline,VA,38.0267,-77.3472
Evangeline,LA,30.7289,-92.406
Sheridan,WY,44.79,-106.8792
Stone,MO,36.7469,-93.456
Franklin,AL,34.4417,-87.8437
Malheur,OR,43.1934,-117.6231
Jefferson Davis,LA,30.2677,-92.8141
Juneau,AK,58.455,-134.1734
Marshall,KY,36.8835,-88.3294
Delta,CO,38.8614,-107.8629
Powhatan,VA,37.5502,-77.9152
Pontotoc,MS,34.2254,-89.0374
Madison,GA,34.1278,-83.209
Amherst,VA,37.6048,-79.1452
Logan,WV,37.8313,-81.9354
Titus,TX,33.2166,-94.9657
Grimes,TX,30.5435,-95.9855
Washington,ME,45.0307,-67.6287
Haralson,GA,33.7942,-85.211
Coos,NH,44.6896,-71.3056
Clare,MI,43.9879,-84.8478
Austin,TX,29.887,-96.2779
Huron,MI,43.8333,-83.019
Bee,TX,28.4174,-97.7412
Adams,NE,40.5245,-98.5012
Vernon,WI,43.5939,-90.8344
Greene,IN,39.0364,-86.9621
Summit,CO,39.6342,-106.1164
Cass,MN,46.9496,-94.3254
Clarendon,SC,33.6658,-80.2164
Wayne,GA,31.5515,-81.9168
Boyle,KY,37.6244,-84.8668
Montgomery,KS,37.1925,-95.7429
McCurtain,OK,34.1154,-94.7713
Wabash,IN,40.8457,-85.794
Trempealeau,WI,44.304,-91.3585
Polk,MN,47.7739,-96.4019
Freeborn,MN,43.6738,-93.3488
Giles,TN,35.2021,-87.0348
Currituck,NC,36.405,-76.0079
Muhlenberg,KY,37.2158,-87.142
Kleberg,TX,27.4337,-97.7273
Meade,SD,44.5668,-102.7169
Mecklenburg,VA,36.6804,-78.3627
Elk,PA,41.4251,-78.6491
Hardin,OH,40.6616,-83.6595
Caledonia,VT,44.4647,-72.1022
Obion,TN,36.3582,-89.1488
Park,WY,44.5205,-109.5879
Door,WI,44.9452,-87.3154
Franklin,ME,44.974,-70.444
Lassen,CA,40.6736,-120.5943
Ottawa,OK,36.8355,-94.8104
Williamsburg,SC,33.6199,-79.7277
Dawson,GA,34.4443,-84.1706
McPherson,KS,38.3917,-97.648
Meade,KY,37.9697,-86.217
Randolph,IL,38.0521,-89.8252
Schoharie,NY,42.5882,-74.4421
Knox,KY,36.8906,-83.854
Marshall,WV,39.8606,-80.6634
Iberville,LA,30.2586,-91.3495
Orange,VT,44.0056,-72.3768
Sanpete,UT,39.3739,-111.5763
Monroe,GA,33.0139,-83.9187
Pine,MN,46.1208,-92.7413
Bladen,NC,34.6146,-78.5637
Cherokee,NC,35.1339,-84.0635
Bolivar,MS,33.7971,-90.8806
Morgan,CO,40.2626,-103.8097
Smyth,VA,36.8438,-81.537
Elmore,ID,43.354,-115.4693
Palo Pinto,TX,32.7532,-98.313
Marion,TN,35.1289,-85.6239
Mason,MI,43.9952,-86.25
Decatur,GA,30.8783,-84.5791
Marion,AL,34.1366,-87.8871
Carroll,VA,36.7316,-80.7339
Le Sueur,MN,44.3715,-93.7302
Ripley,IN,39.1035,-85.2624
Gallia,OH,38.8247,-82.3169
Sumter,GA,32.0399,-84.197
Neshoba,MS,32.7535,-89.1176
Ellis,KS,38.9147,-99.3173
Alpena,MI,45.0348,-83.6282
Fayette,OH,39.5599,-83.4561
Fredericksburg,VA,38.2992,-77.4872
Van Wert,OH,40.8554,-84.5861
White,GA,34.6464,-83.7471
Adams,MS,31.4829,-91.3535
Codington,SD,44.9779,-97.1886
Jones,GA,33.0251,-83.5605
Marion,SC,34.0801,-79.3625
Carroll,TN,35.9732,-88.4503
Carroll,AR,36.341,-93.5382
Garrett,MD,39.5289,-79.2729
Cass,TX,33.0775,-94.3435
Peach,GA,32.5688,-83.8269
Glenn,CA,39.5981,-122.3919
Stoddard,MO,36.8556,-89.9443
Marion,MO,39.8059,-91.6224
San Jacinto,TX,30.5795,-95.1669
Hancock,WV,40.5219,-80.5739
Baker,FL,30.3311,-82.2846
Lincoln,WI,45.3374,-89.7346
Wells,IN,40.7293,-85.2212
Montgomery,KY,38.0335,-83.9131
Tate,MS,34.6503,-89.9448
Custer,OK,35.6388,-99.0015
Washington,IN,38.6,-86.1053
Dinwiddie,VA,37.076,-77.6323
Wythe,VA,36.9171,-81.0787
White,TN,35.9264,-85.4552
Union,MS,34.4905,-89.0038
Fluvanna,VA,37.8419,-78.2773
Upson,GA,32.8813,-84.2994
Logan,KY,36.8597,-86.8789
Henderson,TN,35.6542,-88.388
West Baton Rouge,LA,30.4636,-91.3127
Montgomery,IL,39.231,-89.4789
Winchester,VA,39.1735,-78.1746
King George,VA,38.2733,-77.1572
Bradford,FL,29.95,-82.1688
Elbert,CO,39.2865,-104.1357
Dillon,SC,34.3915,-79.3789
Copiah,MS,31.8693,-90.4488
Hocking,OH,39.4971,-82.4793
Grant,NM,32.7389,-108.3824
Scott,MS,32.4064,-89.5376
Logan,IL,40.1245,-89.3675
Jackson,WV,38.8345,-81.6748
Orleans,VT,44.829,-72.2436
Randolph,WV,38.7747,-79.8758
Henry,OH,41.3339,-84.0682
Jennings,IN,38.9969,-85.628
Adams,OH,38.8455,-83.4721
Gillespie,TX,30.3181,-98.9465
Perry,KY,37.2443,-83.2215
Tillamook,OR,45.4637,-123.7126
Dunklin,MO,36.2721,-90.0909
Edgefield,SC,33.7722,-81.9664
Woodford,KY,38.0424,-84.7436
Hardin,TN,35.1987,-88.1845
Lawrence,SD,44.3586,-103.7923
Cass,NE,40.9097,-96.1409
Leflore,MS,33.5505,-90.3011
Mille Lacs,MN,45.938,-93.6301
Del Norte,CA,41.7431,-123.8972
Toombs,GA,32.1216,-82.3312
Pike,OH,39.0773,-83.0668
De Soto,LA,32.0554,-93.7373
Stephens,GA,34.554,-83.2932
Ashe,NC,36.4341,-81.5003
Hart,GA,34.3509,-82.9642
McDonough,IL,40.4562,-90.6779
Oceana,MI,43.641,-86.2675
Geneva,AL,31.095,-85.8391
Union,SC,34.6895,-81.6192
Mineral,WV,39.4147,-78.9438
San Miguel,NM,35.4805,-104.8158
Cibola,NM,34.9125,-107.9997
Payette,ID,44.0068,-116.7608
Grayson,KY,37.4608,-86.3439
Juneau,WI,43.9246,-90.1138
Boone,IA,42.0365,-93.9316
Carroll,OH,40.5796,-81.0897
Lewis,NY,43.785,-75.4487
Wasco,OR,45.16,-121.1678
Butts,GA,33.2879,-83.9572
Iroquois,IL,40.7473,-87.8243
Caddo,OK,35.1744,-98.3751
Decatur,IN,39.307,-85.5011
Montezuma,CO,37.3386,-108.5966
Goochland,VA,37.7221,-77.9158
Clay,IN,39.3928,-87.1158
Taylor,KY,37.3665,-85.3279
Carter,KY,38.3182,-83.0495
Union,GA,34.8341,-83.9907
Crook,OR,44.1422,-120.3566
Macon,TN,36.532,-86.0073
Pottawatomie,KS,39.379,-96.3424
Lamoille,VT,44.607,-72.6419
Union,OR,45.3102,-118.0088
Charlevoix,MI,45.2995,-85.124
Grady,GA,30.8747,-84.2345
Franklin,KS,38.5645,-95.2859
Montgomery,NC,35.3325,-79.9055
Johnson,AR,35.5697,-93.4602
Marlboro,SC,34.602,-79.6786
McNairy,TN,35.1755,-88.5636
Wyoming,PA,41.5184,-76.0164
Dickinson,MI,46.0092,-87.8703
Staunton,VA,38.1593,-79.0611
Cheboygan,MI,45.4463,-84.4999
Garvin,OK,34.7046,-97.3093
Churchill,NV,39.5809,-118.3358
Brown,MN,44.2421,-94.7276
Harlan,KY,36.8569,-83.218
Plymouth,IA,42.7378,-96.2141
Fannin,GA,34.8641,-84.3198
Benton,IA,42.0802,-92.0657
Gladwin,MI,43.9907,-84.3883
Simpson,MS,31.9132,-89.9195
Hardee,FL,27.4927,-81.81
Salem,VA,37.2864,-80.0554
Luna,NM,32.1823,-107.7499
Otsego,MI,45.0214,-84.599
Todd,MN,46.0706,-94.8976
Milam,TX,30.7863,-96.9768
Russell,VA,36.9339,-82.0954
Washington,FL,30.6106,-85.6653
Lyon,MN,44.4135,-95.839
Cassia,ID,42.2839,-113.6001
Cherokee,AL,34.1759,-85.6038
Hickman,TN,35.8032,-87.4733
Hardeman,TN,35.2068,-88.9931
Grant,KY,38.6488,-84.6246
Manistee,MI,44.333,-86.0568
Iosco,MI,44.3559,-83.6359
Adair,MO,40.1906,-92.6007
Miller,MO,38.2145,-92.4284
Cleburne,AR,35.5382,-92.0267
Bremer,IA,42.7746,-92.3181
Jefferson,OR,44.6294,-121.1761
Prentiss,MS,34.6183,-88.5201
Jerome,ID,42.6899,-114.2639
George,MS,30.8626,-88.644
Texas,MO,37.3173,-91.9651
Posey,IN,38.0218,-87.8685
New Kent,VA,37.5052,-76.9974
Barton,KS,38.479,-98.7565
Routt,CO,40.4852,-106.9913
Mason,WV,38.7697,-82.0266
Fayette,TX,29.8768,-96.9198
Chattooga,GA,34.475,-85.3453
Fairfax,VA,38.8531,-77.2998
Blaine,ID,43.4119,-113.9802
Uvalde,TX,29.3573,-99.7622
Aransas,TX,28.1254,-96.9933
Waushara,WI,44.1131,-89.2429
Yazoo,MS,32.7803,-90.3964
Teller,CO,38.8824,-105.1617
Somerset,MD,38.1158,-75.7518
Lauderdale,TN,35.7605,-89.6305
White,IN,40.7498,-86.8655
Jackson,OK,34.588,-99.4148
Barbour,AL,31.8696,-85.3932
Rowan,KY,38.1963,-83.4211
Morehouse,LA,32.8202,-91.8018
Audrain,MO,39.2157,-91.8416
Yates,NY,42.6335,-77.1055
Scott,IN,38.6851,-85.7475
Lincoln,KY,37.4554,-84.6608
Burke,GA,33.0611,-82.0007
Abbeville,SC,34.2226,-82.4593
Randolph,IN,40.1576,-85.0113
Randolph,MO,39.4402,-92.4971
Anderson,KY,38.0039,-84.991
Sunflower,MS,33.6023,-90.5886
Nicholas,WV,38.2917,-80.7993
Grainger,TN,36.2763,-83.5096
Franklin,GA,34.3754,-83.2291
Tattnall,GA,32.0458,-82.0581
Dawson,NE,40.8699,-99.8196
Marion,MS,31.2308,-89.8224
Shelby,TX,31.7924,-94.145
Antrim,MI,44.9991,-85.1402
Itawamba,MS,34.28,-88.3613
Pacific,WA,46.5556,-123.7039
Hood River,OR,45.519,-121.6511
Iowa,WI,43.0005,-90.1354
Roscommon,MI,44.3356,-84.6116
Ohio,KY,37.4782,-86.8489
Page,VA,38.6194,-78.4844
Upshur,WV,38.8978,-80.2334
McDonald,MO,36.6287,-94.3483
Winston,AL,34.1492,-87.3737
Vilas,WI,46.0529,-89.5148
Bell,KY,36.7306,-83.6741
Seminole,OK,35.1675,-96.6155
Washington,MO,37.9617,-90.8774
Meeker,MN,45.1231,-94.5274
Hampshire,WV,39.3171,-78.6141
Yankton,SD,43.009,-97.3948
Klickitat,WA,45.8738,-120.7891
Teton,WY,43.9346,-110.5898
Curry,OR,42.4576,-124.1568
Juniata,PA,40.5311,-77.4022
Starke,IN,41.2809,-86.6476
Fayette,IN,39.64,-85.1788
Menominee,MI,45.5801,-87.5566
Saline,MO,39.1368,-93.2018
Osceola,MI,43.9898,-85.3252
Saline,IL,37.7531,-88.5407
Ray,MO,39.3523,-93.9899
Overton,TN,36.345,-85.2881
Saunders,NE,41.2264,-96.6374
Mercer,KY,37.811,-84.8745
Emanuel,GA,32.5897,-82.3017
Franklin,IN,39.4149,-85.0602
Hopewell,VA,37.2915,-77.2985
Putnam,GA,33.3218,-83.3728
Waynesboro,VA,38.0674,-78.9014
Plaquemines,LA,29.4406,-89.61
Crawford,MO,37.9764,-91.3039
Leelanau,MI,44.9385,-85.812
Panola,TX,32.1624,-94.3056
Lampasas,TX,31.1962,-98.2415
Washington,IA,41.3356,-91.7179
Clarke,AL,31.6767,-87.8308
Poinsett,AR,35.574,-90.663
Mingo,WV,37.7264,-82.1347
Rockbridge,VA,37.8145,-79.4473
Randolph,AL,33.2938,-85.4591
Allen,LA,30.6529,-92.828
Asotin,WA,46.1918,-117.203
Llano,TX,30.7058,-98.6841
Caswell,NC,36.3932,-79.3335
St. Francis,AR,35.022,-90.7478
Sumner,KS,37.2373,-97.4765
Columbia,AR,33.2143,-93.2273
Johnson,KY,37.8466,-82.8315
Henry,MO,38.3852,-93.7928
Anson,NC,34.9738,-80.1027
Limestone,TX,31.5455,-96.5805
Gaines,TX,32.7408,-102.6352
Minidoka,ID,42.8543,-113.6375
Beckham,OK,35.2687,-99.682
Bibb,AL,32.9986,-87.1265
Scott,TN,36.4285,-84.5035
Grant,LA,31.5997,-92.5595
Ouachita,AR,33.5934,-92.8819
Sevier,UT,38.7477,-111.8046
Houston,TX,31.3177,-95.4227
Nobles,MN,43.6742,-95.7534
Bandera,TX,29.7472,-99.2463
Mahaska,IA,41.3352,-92.6409
Prince Edward,VA,37.2243,-78.4411
Colusa,CA,39.1775,-122.237
Sabine,LA,31.564,-93.5547
Lee,VA,36.7054,-83.1286
Meigs,OH,39.0822,-82.0229
Madison,NC,35.858,-82.7058
Jo Daviess,IL,42.3658,-90.2126
Hubbard,MN,47.1086,-94.9167
Brooke,WV,40.2739,-80.5764
McDuffie,GA,33.4828,-82.4814
Morgan,MO,38.4237,-92.886
Martin,NC,35.8432,-77.1092
Gage,NE,40.2619,-96.6894
Owen,IN,39.3128,-86.8377
Wyandot,OH,40.8424,-83.3044
Wabasha,MN,44.2843,-92.2303
Stutsman,ND,46.9793,-98.9588
Tippah,MS,34.7684,-88.9089
Taylor,FL,30.047,-83.6035
Seward,KS,37.1933,-100.8513
Scott,VA,36.7143,-82.6029
Clinton,MO,39.6018,-94.4046
Fillmore,MN,43.674,-92.0902
Moore,TX,35.8377,-101.893
Hockley,TX,33.6076,-102.3432
Morgan,TN,36.135,-84.6492
Dakota,NE,42.3911,-96.5646
Leake,MS,32.7535,-89.524
Fayette,IL,39.0002,-89.0241
Allen,KY,36.7513,-86.1904
Logan,AR,35.2149,-93.7166
Jersey,IL,39.0855,-90.3565
Grenada,MS,33.7699,-89.802
Lincoln,MT,48.5425,-115.4051
Greene,VA,38.2976,-78.4669
Clark,AR,34.051,-93.1764
Adams,WI,43.9695,-89.7704
Washington,NE,41.5311,-96.222
Newton,MS,32.4002,-89.1188
Morgan,GA,33.5909,-83.4923
Mitchell,GA,31.2253,-84.1943
Conway,AR,35.2624,-92.7014
Montague,TX,33.6757,-97.7246
Gray,TX,35.4012,-100.8126
Dodge,MN,44.0226,-92.8621
Boone,WV,38.0229,-81.7115
Colorado,TX,29.6208,-96.5263
Jackson,WI,44.3192,-90.8053
DeKalb,TN,35.9799,-85.8328
Dukes,MA,41.3961,-70.65
Meriwether,GA,33.0406,-84.6883
Jones,IA,42.1212,-91.1315
Logan,CO,40.7247,-103.1101
Ogemaw,MI,44.335,-84.1264
Breckinridge,KY,37.7734,-86.4293
Union,LA,32.8318,-92.3748
Letcher,KY,37.1212,-82.8553
Adams,WA,46.9834,-118.5606
Sullivan,IN,39.0889,-87.4147
Nodaway,MO,40.3607,-94.8834
Texas,OK,36.7479,-101.4901
Buena Vista,IA,42.7355,-95.1511
Shelby,IL,39.3911,-88.8055
Buchanan,IA,42.4708,-91.8379
Kewaunee,WI,44.5161,-87.6153
Uinta,WY,41.2876,-110.5476
Perry,IL,38.0837,-89.367
Wyoming,WV,37.6096,-81.5492
Gem,ID,44.0615,-116.3975
Carroll,IA,42.0362,-94.8605
Lavaca,TX,29.3843,-96.9302
Fairfield,SC,34.3951,-81.1212
Coahoma,MS,34.23,-90.6018
Carroll,IN,40.5828,-86.5635
Barnwell,SC,33.2661,-81.4349
Carbon,UT,39.6481,-110.5887
Greene,NC,35.485,-77.6758
Lincoln,WY,42.264,-110.656
Assumption,LA,29.9024,-91.0608
Worth,GA,31.5515,-83.8509
Union,TN,36.2879,-83.8375
Smith,TN,36.2505,-85.9567
Fulton,IN,41.047,-86.2635
Jones,TX,32.7399,-99.8788
Bourbon,KY,38.2067,-84.2172
Tyler,TX,30.7712,-94.3766
Jay,IN,40.4379,-85.0056
Lincoln,NM,33.7453,-105.4593
Pointe Coupee,LA,30.7095,-91.6008
Pierce,GA,31.3588,-82.2128
Spencer,KY,38.0325,-85.3278
Duchesne,UT,40.2982,-110.4252
Hutchinson,TX,35.84,-101.3547
Chaffee,CO,38.747,-106.1941
Woodward,OK,36.4227,-99.2651
Benton,MO,38.2949,-93.2879
Willacy,TX,26.4693,-97.6632
Yell,AR,35.0026,-93.4108
Greene,GA,33.5788,-83.1667
Freestone,TX,31.7049,-96.1491
Taylor,WI,45.2116,-90.5012
DeWitt,TX,29.0821,-97.3567
Henry,IA,40.988,-91.5445
Simpson,KY,36.742,-86.5823
Spencer,IN,38.0141,-87.0077
Davison,SD,43.6747,-98.146
Clay,KY,37.1597,-83.7146
Hertford,NC,36.3591,-76.982
Pike,GA,33.0923,-84.3892
Lincoln,WV,38.1753,-82.0704
Polk,NC,35.2793,-82.1697
Winneshiek,IA,43.2907,-91.8437
Labette,KS,37.1913,-95.2976
Calhoun,TX,28.5074,-96.6018
Gonzales,TX,29.4567,-97.4925
Elbert,GA,34.1168,-82.8401
Washington,GA,32.9695,-82.7959
Richland,LA,32.4178,-91.7635
Dodge,GA,32.1722,-83.1684
Crisp,GA,31.9229,-83.7681
Martin,MN,43.6744,-94.5511
Orange,IN,38.5418,-86.495
Douglas,IL,39.7694,-88.2173
Marion,KY,37.5525,-85.2696
Wayne,MS,31.6408,-88.6958
Vernon,MO,37.8506,-94.3424
Hart,KY,37.2999,-85.8847
Wayne,KY,36.8013,-84.8286
Adair,OK,35.8839,-94.6587
Lamar,GA,33.0765,-84.1395
St. James,LA,30.027,-90.7931
Holmes,FL,30.8679,-85.814
Hempstead,AR,33.7354,-93.6684
Langlade,WI,45.2623,-89.0719
Los Alamos,NM,35.8693,-106.3073
Plumas,CA,40.0046,-120.8385
Buchanan,VA,37.2666,-82.036
Franklin,LA,32.1333,-91.6738
McIntosh,OK,35.3736,-95.6668
Jackson,IA,42.1717,-90.5743
Monroe,AL,31.5709,-87.3654
Polk,AR,34.4858,-94.2282
Kent,MD,39.2556,-76.039
Fentress,TN,36.3805,-84.9324
Beadle,SD,44.4145,-98.2781
Fayette,IA,42.8626,-91.8444
East Feliciana,LA,30.8451,-91.0455
Perry,IN,38.0796,-86.638
Banks,GA,34.3543,-83.4972
Green Lake,WI,43.8004,-89.0449
Humphreys,TN,36.0408,-87.7756
Cherokee,KS,37.1693,-94.8463
Harrison,KY,38.4418,-84.3314
Saluda,SC,34.006,-81.7266
Adair,KY,37.1042,-85.2806
Gilchrist,FL,29.7258,-82.8004
Perry,MO,37.7072,-89.8244
Wright,MO,37.2702,-92.4687
Roosevelt,NM,34.0212,-103.48
Stone,MS,30.79,-89.1177
Waseca,MN,44.0221,-93.5873
Burleson,TX,30.4925,-96.6215
Marengo,AL,32.2477,-87.7895
Randolph,AR,36.3415,-91.0276
Westmoreland,VA,38.112,-76.8042
Yancey,NC,35.8989,-82.3076
Warren,NC,36.3965,-78.1067
Paulding,OH,41.1166,-84.5802
Inyo,CA,36.5111,-117.4107
Pickens,AL,33.2808,-88.0887
Macon,AL,32.3859,-85.6927
Bosque,TX,31.9004,-97.6343
Tishomingo,MS,34.7404,-88.2393
Houston,MN,43.6714,-91.4929
Butler,AL,31.7524,-86.6803
Andrews,TX,32.305,-102.6377
King William,VA,37.7066,-77.0885
Frio,TX,28.8678,-99.1082
Ste. Genevieve,MO,37.8945,-90.1944
Poweshiek,IA,41.6864,-92.5315
Crawford,IL,39.0027,-87.7596
Appling,GA,31.7492,-82.2889
San Juan,WA,48.5776,-122.9654
Sawyer,WI,45.88,-91.1446
Deaf Smith,TX,34.966,-102.605
Dickinson,KS,38.8665,-97.1527
Ashley,AR,33.1912,-91.7685
Bethel,AK,60.9132,-159.8186
Clay,MS,33.6557,-88.7816
Long,GA,31.7526,-81.7457
Berrien,GA,31.276,-83.2296
Colonial Heights,VA,37.265,-77.3969
Jefferson,KS,39.2358,-95.3834
Cedar,IA,41.7723,-91.1324
Otero,CO,37.9026,-103.7165
Brantley,GA,31.1969,-81.9819
Benzie,MI,44.6387,-86.0155
Hampton,SC,32.7763,-81.1407
Grant,AR,34.29,-92.4237
Kalkaska,MI,44.6847,-85.0902
Russell,KY,36.9911,-85.0587
Johnson,TN,36.4549,-81.8518
Concordia,LA,31.4459,-91.6401
Covington,MS,31.6332,-89.5526
Montour,PA,41.0279,-76.6586
Madison,FL,30.4441,-83.4701
Andrew,MO,39.9835,-94.8021
Young,TX,33.1766,-98.6878
Eastland,TX,32.3271,-98.8323
Dickinson,IA,43.378,-95.1508
Lee,TX,30.3107,-96.9657
Southampton,VA,36.7204,-77.1062
McDowell,WV,37.3785,-81.6536
Park,CO,39.1194,-105.7172
Polk,TN,35.1199,-84.5233
Sharp,AR,36.1612,-91.4798
Unicoi,TN,36.1107,-82.4323
Pike,MO,39.3438,-91.1714
Park,MT,45.4884,-110.5267
Avery,NC,36.0765,-81.9226
Hughes,SD,44.389,-99.996
Henry,AL,31.5147,-85.2414
Seward,NE,40.8724,-97.1395
Chester,TN,35.4217,-88.6135
Garrard,KY,37.6396,-84.5377
Schuyler,NY,42.3938,-76.8752
Delaware,IA,42.4712,-91.3673
Dallas,MO,37.6804,-93.0237
Winston,MS,33.0885,-89.0344
Cook,GA,31.154,-83.4305
Attala,MS,33.0863,-89.5815
Patrick,VA,36.6783,-80.2844
Haywood,TN,35.5832,-89.2838
Idaho,ID,45.8441,-115.4675
Morgan,WV,39.5604,-78.2578
Madison,AR,36.011,-93.7246
Franklin,AR,35.5124,-93.8906
Rabun,GA,34.8818,-83.402
Falls,TX,31.2533,-96.9359
Humboldt,NV,41.4068,-118.112
Hancock,IL,40.4037,-91.1647
Piscataquis,ME,45.8373,-69.2846
Gunnison,CO,38.6667,-107.0316
Marion,AR,36.2684,-92.6842
Richland,WI,43.3756,-90.4295
Bertie,NC,36.0663,-76.9788
Robertson,TX,31.027,-96.5129
Ben Hill,GA,31.7598,-83.2205
Mariposa,CA,37.5815,-119.9054
Union,SD,42.8325,-96.656
Dixie,FL,29.6086,-83.1587
Drew,AR,33.5894,-91.72
Clayton,IA,42.8447,-91.3414
Union,IL,37.4713,-89.2551
Pitkin,CO,39.2171,-106.9166
Buckingham,VA,37.5722,-78.5288
Mason,KY,38.5952,-83.8242
Lafayette,WI,42.6605,-90.1317
Northampton,NC,36.4178,-77.3969
Madison,IA,41.3307,-94.0156
Burnett,WI,45.8627,-92.3676
Chickasaw,MS,33.9208,-88.9479
Tama,IA,42.0798,-92.5326
McCreary,KY,36.7371,-84.4842
Washburn,WI,45.8992,-91.7912
Bristol,VA,36.618,-82.1605
Baker,OR,44.7092,-117.6753
Cooper,MO,38.8435,-92.8101
Sequatchie,TN,35.3712,-85.4106
Manassas Park,VA,38.7709,-77.4429
Lewis,WV,38.9959,-80.5022
Rush,IN,39.62,-85.4658
Radford,VA,37.1229,-80.5587
Bond,IL,38.8868,-89.4355
Jackson,AR,35.5992,-91.2145
Piatt,IL,40.0103,-88.5911
La Paz,AZ,33.7294,-113.9815
Hardin,IA,42.3839,-93.2404
Fountain,IN,40.1209,-87.242
Appomattox,VA,37.3723,-78.8126
Richland,ND,46.2646,-96.9483
Alamosa,CO,37.5729,-105.7883
Bayfield,WI,46.5237,-91.2009
Giles,VA,37.3142,-80.7029
Cross,AR,35.2957,-90.7711
Edgar,IL,39.6786,-87.7456
Arkansas,AR,34.2892,-91.3742
Iowa,IA,41.6863,-92.0655
Scurry,TX,32.7463,-100.9164
Taylor,WV,39.336,-80.0462
Clay,IA,43.0826,-95.1509
Warren,IL,40.8488,-90.615
Parke,IN,39.7736,-87.2064
Kanabec,MN,45.9452,-93.2934
Brooks,GA,30.842,-83.5802
Crawford,IA,42.0372,-95.382
Leon,TX,31.2965,-95.9957
Otoe,NE,40.6485,-96.1348
Lawrence,AR,36.0412,-91.107
Atchison,KS,39.5318,-95.3135
Socorro,NM,34.0071,-106.9302
Holmes,MS,33.1235,-90.0921
Potter,PA,41.7449,-77.8958
Bates,MO,38.2573,-94.34
Wayne,TN,35.2399,-87.788
Lee,SC,34.1633,-80.2545
Dade,GA,34.8546,-85.5044
Rockcastle,KY,37.3652,-84.316
Hill,MT,48.6282,-110.1112
Ashland,WI,46.3148,-90.6781
Lawrence,KY,38.0679,-82.7348
Jasper,MS,32.0191,-89.1189
Aitkin,MN,46.6082,-93.4155
Fayette,AL,33.7212,-87.7388
Crawford,WI,43.2395,-90.931
Benton,TN,36.0698,-88.0683
Van Buren,AR,35.5806,-92.5158
Wayne,IL,38.4296,-88.4256
Gooding,ID,42.971,-114.8115
Jasper,GA,33.3165,-83.688
Casey,KY,37.3223,-84.9283
Grand,CO,40.1026,-106.1183
Trinity,CA,40.6507,-123.1126
Henry,KY,38.4485,-85.1189
Brunswick,VA,36.7648,-77.859
Williamsburg,VA,37.2693,-76.7076
Pawnee,OK,36.3169,-96.6992
Marshall,OK,34.0245,-96.7691
Marquette,WI,43.8196,-89.3987
Osage,KS,38.6523,-95.7269
New Madrid,MO,36.5946,-89.6517
Sevier,AR,33.9972,-94.2412
Jefferson,IA,41.0318,-91.9489
Union,FL,30.0439,-82.3714
Neosho,KS,37.5585,-95.3068
Brown,IN,39.1962,-86.2274
Richland,IL,38.7124,-88.0851
Nottoway,VA,37.143,-78.0512
Floyd,VA,36.9316,-80.3625
Carroll,IL,42.0687,-89.9343
Oglethorpe,GA,33.8807,-83.0807
Mercer,IL,41.2053,-90.7414
Torrance,NM,34.6405,-105.8508
Phillips,AR,34.4274,-90.8489
Kingfisher,OK,35.9454,-97.9421
Cleburne,AL,33.6745,-85.5188
Barbour,WV,39.133,-80.003
Vermillion,IN,39.8538,-87.464
De Witt,IL,40.1746,-88.9041
Redwood,MN,44.4037,-95.2538
Tipton,IN,40.3113,-86.0519
Jefferson,GA,33.0549,-82.4182
Floyd,IA,43.0599,-92.789
West Feliciana,LA,30.8798,-91.42
Fleming,KY,38.3701,-83.6967
Clarke,MS,32.0414,-88.6894
Roseau,MN,48.7751,-95.8108
Grayson,VA,36.6565,-81.2249
Clark,IL,39.3336,-87.7877
Moniteau,MO,38.6328,-92.5831
Clay,SD,42.9146,-96.9756
Clarke,VA,39.1123,-77.9967
Missaukee,MI,44.3374,-85.0947
Macon,MO,39.8308,-92.5646
Jackson,TX,28.9542,-96.5776
Washington,AL,31.4076,-88.2079
Gulf,FL,29.9565,-85.2263
Page,IA,40.7391,-95.1502
Larue,KY,37.5458,-85.6979
Jefferson,FL,30.4375,-83.8953
Arenac,MI,44.0655,-83.8952
Franklin,ID,42.1811,-111.8132
Bledsoe,TN,35.5964,-85.2051
Lawrence,IL,38.72,-87.7268
Sibley,MN,44.5795,-94.2321
Mitchell,NC,36.0133,-82.1636
Karnes,TX,28.9057,-97.8594
Pemiscot,MO,36.2114,-89.7854
Jeff Davis,GA,31.8056,-82.6368
Pecos,TX,30.781,-102.7235
Hamilton,IA,42.3838,-93.7068
Jackson,LA,32.3021,-92.5579
Alleghany,VA,37.7878,-80.0062
Hale,AL,32.7627,-87.6291
Cannon,TN,35.8087,-86.0618
LaSalle,LA,31.6769,-92.1605
Gasconade,MO,38.4409,-91.5079
Nelson,VA,37.7874,-78.8868
Pendleton,KY,38.6956,-84.3603
Falls Church,VA,38.8847,-77.1751
Saline,NE,40.5241,-97.1409
Harrison,IA,41.6829,-95.8168
Cedar,MO,37.7238,-93.8566
Mills,IA,41.0334,-95.6213
Renville,MN,44.7268,-94.9471
Dent,MO,37.6066,-91.5079
Fulton,PA,39.9254,-78.1127
Kossuth,IA,43.2041,-94.2067
San Juan,UT,37.626,-109.8046
Nantucket,MA,41.2831,-70.0692
Pike,IL,39.6225,-90.8863
Carbon,WY,41.6944,-106.9305
Nolan,TX,32.3035,-100.406
Moultrie,IL,39.6415,-88.6193
Las Animas,CO,37.3158,-104.0387
Bourbon,KS,37.8552,-94.8493
Atoka,OK,34.3737,-96.0378
Livingston,MO,39.7821,-93.5483
McKenzie,ND,47.7402,-103.3953
Gogebic,MI,46.4087,-89.6943
Trigg,KY,36.8064,-87.8733
Harrison,OH,40.2938,-81.0911
Craig,OK,36.7618,-95.2085
Choctaw,OK,34.0266,-95.5522
York,NE,40.8727,-97.5971
Noble,OH,39.766,-81.4555
Clay,AR,36.3683,-90.4173
Butler,IA,42.7316,-92.7902
Wadena,MN,46.5858,-94.9694
Hardy,WV,39.0075,-78.858
Callahan,TX,32.2976,-99.3735
Clay,AL,33.269,-85.8605
Calhoun,SC,33.6749,-80.7803
Rusk,WI,45.4751,-91.1332
Smith,MS,32.0177,-89.5067
Screven,GA,32.7506,-81.612
O'Brien,IA,43.0838,-95.6249
Price,WI,45.6804,-90.3614
Allamakee,IA,43.2843,-91.3781
Wetzel,WV,39.6053,-80.6391
Morgan,KY,37.9223,-83.2589
Pend Oreille,WA,48.5323,-117.274
Trinity,TX,31.0888,-95.1355
Madison,VA,38.4137,-78.2792
Estill,KY,37.6924,-83.9643
Stewart,TN,36.5012,-87.8384
Swain,NC,35.4868,-83.4928
Izard,AR,36.0949,-91.9134
Comanche,TX,31.948,-98.5582
Crockett,TN,35.8135,-89.1395
Fremont,ID,44.2288,-111.4819
Newton,IN,40.9558,-87.3976
Faribault,MN,43.6739,-93.948
Archuleta,CO,37.1935,-107.0483
Massac,IL,37.2189,-88.7076
Zapata,TX,27.0008,-99.1686
Walthall,MS,31.1484,-90.1061
Chowan,NC,36.1508,-76.6079
Claiborne,LA,32.8227,-92.9958
Knott,KY,37.354,-82.9541
Grundy,TN,35.3884,-85.7226
Pennington,MN,48.0662,-96.0367
Roane,WV,38.714,-81.3483
Shoshone,ID,47.3529,-115.8924
Ketchikan Gateway,AK,55.5852,-130.9282
Converse,WY,42.9723,-105.5072
Murray,OK,34.4823,-97.0679
Dickenson,VA,37.1258,-82.3504
Lamar,AL,33.7791,-88.0969
Martinsville,VA,36.6827,-79.8636
Morgan,OH,39.6204,-81.8527
Madison,TX,30.9655,-95.9284
Glacier,MT,48.7051,-112.9947
Washington,IL,38.3522,-89.4105
White,IL,38.0875,-88.1796
Hamilton,FL,30.4964,-82.9479
Greene,MS,31.2142,-88.6392
Calhoun,FL,30.406,-85.1972
Oglala Lakota,SD,43.3355,-102.5516
Winn,LA,31.9443,-92.6368
Amelia,VA,37.336,-77.9761
Ford,IL,40.5972,-88.2233
Osage,MO,38.4604,-91.8618
Buffalo,WI,44.3798,-91.7545
Hughes,OK,35.0484,-96.2502
Johnson,IL,37.4597,-88.8809
Crawford,MI,44.6837,-84.6103
Meigs,TN,35.5129,-84.8133
Jackson,KS,39.4168,-95.7937
Millard,UT,39.0733,-113.1008
Sanders,MT,47.6748,-115.1333
Breathitt,KY,37.5216,-83.3241
Union,KY,37.6584,-87.9454
Perquimans,NC,36.2059,-76.4411
Monroe,OH,39.7274,-81.0829
Presque Isle,MI,45.3401,-83.918
Moffat,CO,40.6184,-108.2074
Boundary,ID,48.7669,-116.4629
Mono,CA,37.9391,-118.8868
Crenshaw,AL,31.7315,-86.3136
Cass,IA,41.3315,-94.9278
Jackson,KY,37.4198,-84.0058
Clay,IL,38.7542,-88.4902
Bamberg,SC,33.2148,-81.0542
Powell,KY,37.8311,-83.8237
Lewis,TN,35.5273,-87.4931
Lewis,KY,38.5315,-83.3781
Lincoln,AR,33.957,-91.7344
Calhoun,MS,33.9365,-89.3365
Towns,GA,34.9167,-83.7373
Big Horn,MT,45.4234,-107.4898
Bath,KY,38.145,-83.7427
Webster,KY,37.5184,-87.6832
Lamb,TX,34.0686,-102.3517
Charlton,GA,30.7817,-82.1379
Morgan,UT,41.0893,-111.5732
Camp,TX,32.9732,-94.9785
Wright,IA,42.7331,-93.7352
Cass,IL,39.9735,-90.2474
Rains,TX,32.8703,-95.7934
Jefferson,MT,46.1485,-112.0938
Kodiak Island,AK,57.6791,-153.7992
Mason,IL,40.2396,-89.9168
Madison,MO,37.4781,-90.345
Reeves,TX,31.323,-103.693
Poquoson,VA,37.1309,-76.3569
Bienville,LA,32.3473,-93.0561
Vinton,OH,39.251,-82.4853
Caldwell,KY,37.1454,-87.8678
Wilbarger,TX,34.0808,-99.241
Goshen,WY,42.0879,-104.3533
Juab,UT,39.7027,-112.7848
Howard,AR,34.0889,-93.9936
Stone,AR,35.8599,-92.1568
Amite,MS,31.1744,-90.8044
Lake,MI,43.9901,-85.8016
Glades,FL,26.9564,-81.189
Franklin,FL,29.8766,-84.8137
Owyhee,ID,42.5814,-116.1699
Allen,KS,37.8857,-95.3014
Todd,KY,36.8357,-87.1792
Blanco,TX,30.2664,-98.3999
Pulaski,IN,41.0419,-86.6988
Bleckley,GA,32.4344,-83.3278
Teton,ID,43.7594,-111.2076
Yalobusha,MS,34.0282,-89.7077
Skamania,WA,46.023,-121.9147
Butler,KY,37.2073,-86.6816
Pamlico,NC,35.1434,-76.7407
Valley,ID,44.7666,-115.5663
Monroe,WV,37.5604,-80.5505
Grundy,IA,42.4019,-92.7914
Choctaw,AL,32.0198,-88.2632
Chippewa,MN,45.0223,-95.5667
Edmonson,KY,37.2088,-86.2384
Colfax,NM,36.6061,-104.6468
Fulton,AR,36.3817,-91.8182
Morrow,OR,45.419,-119.5844
Crawford,GA,32.7145,-83.9863
Braxton,WV,38.6999,-80.7193
Northumberland,VA,37.8873,-76.4195
Appanoose,IA,40.7432,-92.8686
Lyon,IA,43.3805,-96.2102
Pike,IN,38.3988,-87.2322
Washington,KY,37.7534,-85.1748
Dawson,TX,32.7426,-101.9476
Menard,IL,40.0274,-89.8022
Newton,TX,30.7863,-93.7448
Morris,TX,33.1135,-94.7326
Northampton,VA,37.344,-75.8772
Jackson,TN,36.3592,-85.6732
Lunenburg,VA,36.9462,-78.2406
Union,IA,41.0277,-94.2424
Douglas,MO,36.9326,-92.4988
Custer,MT,46.2527,-105.5717
Trousdale,TN,36.3921,-86.1568
Blackford,IN,40.4736,-85.3249
Rolette,ND,48.7725,-99.8409
Prowers,CO,37.9552,-102.3934
Mississippi,MO,36.8281,-89.2911
Sumter,AL,32.5911,-88.1988
Macon,GA,32.3584,-84.0425
Linn,MO,39.8702,-93.1072
Koochiching,MN,48.2453,-93.7834
Telfair,GA,31.9298,-82.939
Big Horn,WY,44.5267,-107.9952
Little River,AR,33.7009,-94.2352
Chickasaw,IA,43.0601,-92.3177
Lawrence,MS,31.5502,-90.107
Shelby,IA,41.6851,-95.3102
Heard,GA,33.297,-85.1283
Tallahatchie,MS,33.9505,-90.1733
Marion,KS,38.3589,-97.0969
Summers,WV,37.6559,-80.8586
Barton,MO,37.5023,-94.3471
Fergus,MT,47.2636,-109.2245
Greene,IL,39.3562,-90.3905
Haskell,OK,35.2248,-95.1166
Iron,MI,46.2087,-88.5305
Marshall,IL,41.0332,-89.3448
Terry,TX,33.1738,-102.3352
Live Oak,TX,28.3514,-98.1248
Red River,TX,33.6207,-95.0503
Clay,NC,35.0572,-83.7502
Cherokee,IA,42.7356,-95.6238
Decatur,TN,35.603,-88.1088
Ramsey,ND,48.2689,-98.7201
Sierra,NM,33.1305,-107.1924
Lincoln,WA,47.5763,-118.4187
Cottonwood,MN,44.0071,-95.1812
Perry,MS,31.172,-88.9924
Montgomery,MO,38.9415,-91.4702
Charlotte,VA,37.0116,-78.6616
Pope,MN,45.586,-95.4445
Green,KY,37.264,-85.5531
Magoffin,KY,37.7065,-83.0649
Owen,KY,38.5197,-84.8281
Rio Grande,CO,37.5825,-106.3832
McIntosh,GA,31.4963,-81.4103
Okfuskee,OK,35.4655,-96.3228
Conecuh,AL,31.4292,-86.9937
Greensville,VA,36.6759,-77.5596
Monroe,KY,36.7122,-85.7165
Richland,MT,47.7879,-104.5614
Watonwan,MN,43.9784,-94.6141
Alleghany,NC,36.4916,-81.127
Ward,TX,31.5095,-103.1025
Washington,ID,44.4524,-116.7847
Wabash,IL,38.4461,-87.8443
Jefferson Davis,MS,31.5697,-89.823
Carbon,MT,45.2274,-109.0281
Bacon,GA,31.5537,-82.4527
Candler,GA,32.4034,-82.0737
Martin,KY,37.8016,-82.5132
Dooly,GA,32.1572,-83.7988
Grant,WV,39.1051,-79.1956
Lake,SD,44.0221,-97.1294
Mackinac,MI,46.0805,-85.0872
Carroll,KY,38.6678,-85.1236
Lancaster,VA,37.7345,-76.4632
Camden,NC,36.3891,-76.2079
Noble,OK,36.3886,-97.2305
Lake,MN,47.6411,-91.4458
DeKalb,MO,39.8932,-94.4047
Wayne,MO,37.1126,-90.4614
St. Helena,LA,30.8219,-90.7103
Middlesex,VA,37.6303,-76.5698
Washita,OK,35.2904,-98.9922
Washington,NC,35.8225,-76.5775
North Slope,AK,69.3119,-153.4813
Pushmataha,OK,34.4162,-95.3759
Desha,AR,33.8309,-91.2551
Barnes,ND,46.9361,-98.0716
Sussex,VA,36.9218,-77.2618
Evans,GA,32.1568,-81.8869
Box Butte,NE,42.2197,-103.0857
Ripley,MO,36.6528,-90.8638
Guthrie,IA,41.6837,-94.5011
Louisa,IA,41.2185,-91.2596
Butte,SD,44.9058,-103.5079
Hancock,IA,43.0819,-93.7343
Colfax,NE,41.574,-97.0865
Franklin,TX,33.1755,-95.2184
Essex,VA,37.9428,-76.9519
Early,GA,31.3228,-84.9036
Winnebago,IA,43.3776,-93.7342
Mitchell,IA,43.3564,-92.789
Bollinger,MO,37.3222,-90.0259
Red Willow,NE,40.1758,-100.4769
Roosevelt,MT,48.2945,-105.0164
Custer,NE,41.3943,-99.7262
Crawford,IN,38.2924,-86.4517
Clay,TX,33.7855,-98.2085
Ralls,MO,39.5277,-91.522
Metcalfe,KY,36.9905,-85.6292
Alcona,MI,44.6854,-83.5938
Walsh,ND,48.3695,-97.7213
Gates,NC,36.4449,-76.7005
Cumberland,IL,39.2733,-88.2402
Coosa,AL,32.9362,-86.2477
Johnston,OK,34.3165,-96.6606
Love,OK,33.9499,-97.2441
Lanier,GA,31.0379,-83.0628
Roberts,SD,45.6296,-96.9461
Montgomery,IA,41.0301,-95.1564
Bradley,AR,33.4664,-92.1624
Wilcox,AL,31.9893,-87.3082
Nemaha,KS,39.7834,-96.0141
Howard,MO,39.1425,-92.6963
Benewah,ID,47.2176,-116.6587
Pike,AR,34.1635,-93.6564
Holt,NE,42.4557,-98.7838
Perry,AR,34.9475,-92.9313
Leslie,KY,37.0941,-83.3811
Bullock,AL,32.1005,-85.7157
Emery,UT,38.9967,-110.7006
Noxubee,MS,33.1102,-88.5698
Sabine,TX,31.3432,-93.8518
Marshall,KS,39.7836,-96.5229
Yuma,CO,40.0029,-102.4243
Webster,MS,33.6131,-89.2848
Franklin,IA,42.7325,-93.2625
Pulaski,GA,32.2323,-83.476
Jackson,MN,43.6742,-95.1541
Keokuk,IA,41.3365,-92.1786
Lewis,MO,40.0969,-91.7221
Switzerland,IN,38.8262,-85.0369
Runnels,TX,31.8311,-99.9762
Nome,AK,64.9111,-164.0274
Wayne,NE,42.2093,-97.1193
Lowndes,AL,32.1547,-86.6501
Martin,IN,38.708,-86.8031
McLean,ND,47.6069,-101.3218
Cumberland,VA,37.5121,-78.245
Scott,AR,34.8607,-94.0633
Calhoun,IA,42.3852,-94.6404
Grundy,MO,40.1139,-93.5653
Ochiltree,TX,36.2784,-100.8157
Linn,KS,38.2123,-94.843
Chicot,AR,33.267,-91.2937
McCormick,SC,33.8995,-82.3099
Grand,UT,38.982,-109.5698
Swift,MN,45.2827,-95.6815
Duval,TX,27.6814,-98.5089
Stevens,MN,45.5861,-96.0003
Marion,TX,32.798,-94.3572
Parmer,TX,34.5301,-102.7845
Beaverhead,MT,45.1327,-112.8988
Somervell,TX,32.2222,-97.7746
Sac,IA,42.3862,-95.1054
Carroll,MS,33.4485,-89.9202
Clarke,IA,41.029,-93.7852
Rock,MN,43.6747,-96.2532
Montgomery,MS,33.4941,-89.6164
Deer Lodge,MT,46.0608,-113.0678
Humboldt,IA,42.7765,-94.2072
St. Clair,MO,38.0372,-93.776
Wilkes,GA,33.782,-82.7432
Cheyenne,NE,41.2198,-102.995
Latimer,OK,34.876,-95.2504
Montmorency,MI,45.0276,-84.1272
Madison,LA,32.3644,-91.2427
Mountrail,ND,48.2013,-102.3557
Brewster,TX,29.8119,-103.2517
Caldwell,LA,32.0925,-92.1166
Tunica,MS,34.6507,-90.375
West Carroll,LA,32.7885,-91.4568
Hamilton,NE,40.873,-98.0229
Yellow Medicine,MN,44.7162,-95.8684
Iron,MO,37.5552,-90.7735
Howard,IA,43.3568,-92.3172
Nowata,OK,36.7985,-95.6174
Zavala,TX,28.8662,-99.7605
Greenlee,AZ,33.2152,-109.2402
Forest,WI,45.6673,-88.7704
Stephens,TX,32.7359,-98.8362
Rice,KS,38.3472,-98.201
Brown,KS,39.8265,-95.5642
Jones,NC,35.0217,-77.3552
Irwin,GA,31.6022,-83.2764
Pipestone,MN,44.023,-96.2586
Charles Mix,SD,43.2079,-98.5879
Emmet,IA,43.3781,-94.6785
Clear Creek,CO,39.6891,-105.6444
Todd,SD,43.1934,-100.7184
Madison,MT,45.3007,-111.9203
Clinton,KY,36.7274,-85.1362
Johnson,GA,32.7015,-82.6601
Stillwater,MT,45.669,-109.3952
Jasper,IL,39.0101,-88.1538
Davis,IA,40.7477,-92.4097
Seminole,GA,30.9388,-84.8688
Pratt,KS,37.6477,-98.7396
McLean,KY,37.5292,-87.2636
Richmond,VA,37.9426,-76.7252
Hancock,KY,37.8415,-86.7779
Mitchell,TX,32.3062,-100.9211
Clearwater,ID,46.6736,-115.6567
Phelps,NE,40.5111,-99.4145
Crittenden,KY,37.3527,-88.0972
Cuming,NE,41.9164,-96.7874
Turner,GA,31.7164,-83.6241
Caldwell,MO,39.6557,-93.9827
Marshall,MN,48.3581,-96.3685
Livingston,KY,37.2096,-88.3537
Lyon,KY,37.0191,-88.0832
Cloud,KS,39.4803,-97.6492
Custer,SD,43.6776,-103.4515
Chattahoochee,GA,32.347,-84.787
Jack,TX,33.2335,-98.1725
Turner,SD,43.3109,-97.1487
Ozark,MO,36.6493,-92.4447
Archer,TX,33.6153,-98.6877
Palo Alto,IA,43.0821,-94.6781
Terrell,GA,31.777,-84.437
Sublette,WY,42.7669,-109.9147
Dawson,MT,47.2664,-104.8995
Wilcox,GA,31.9729,-83.4323
Gallatin,KY,38.7569,-84.8593
Alger,MI,46.4086,-86.604
Wilkinson,GA,32.8024,-83.1712
White Pine,NV,39.4421,-114.9017
Benton,IN,40.6063,-87.3109
Monroe,MO,39.4954,-92.0007
Kemper,MS,32.7546,-88.6412
Lucas,IA,41.0294,-93.3277
Jenkins,GA,32.7924,-81.9635
Perry,TN,35.6426,-87.859
Greene,IA,42.0363,-94.3968
Johnson,WY,44.0388,-106.5847
Oregon,MO,36.6867,-91.4033
Hancock,GA,33.2704,-83.0007
Montgomery,GA,32.1734,-82.5348
Clearwater,MN,47.5777,-95.379
Platte,WY,42.1331,-104.9659
Modoc,CA,41.5898,-120.725
Woods,OK,36.7669,-98.8651
Hickory,MO,37.9408,-93.3207
Catahoula,LA,31.6662,-91.847
Claiborne,MS,31.9737,-90.9118
Blaine,OK,35.8752,-98.4334
Quay,NM,35.1043,-103.5498
Monona,IA,42.0516,-95.9599
Montgomery,AR,34.5389,-93.6596
Trimble,KY,38.613,-85.3375
Mathews,VA,37.4353,-76.3438
Wilson,KS,37.5593,-95.7434
Daviess,MO,39.9608,-93.9855
Warren,IN,40.3469,-87.3533
Maries,MO,38.1616,-91.9249
Bracken,KY,38.6888,-84.0901
Oscoda,MI,44.6818,-84.1298
Butler,NE,41.2261,-97.1318
Carroll,MO,39.427,-93.5052
Hamilton,TX,31.7048,-98.1107
Kiowa,OK,34.9164,-98.9809
Dimmit,TX,28.4226,-99.7566
Sitka,AK,57.2424,-135.3145
Knox,NE,42.6368,-97.8919
Lee,AR,34.7805,-90.7808
Houston,TN,36.286,-87.7171
Mercer,ND,47.3092,-101.8315
Atkinson,GA,31.2971,-82.88
Cedar,NE,42.5993,-97.2524
Coffey,KS,38.2369,-95.7341
Ritchie,WV,39.1783,-81.063
Boise,ID,43.9892,-115.7303
Lake,OR,42.7935,-120.3874
Franklin,VA,36.6831,-76.9386
Lemhi,ID,44.9433,-113.9333
Keith,NE,41.1988,-101.6615
Baraga,MI,46.6626,-88.3652
Harrison,MO,40.3547,-93.992
Kusilvak,AK,62.1547,-163.3812
Kane,UT,37.2851,-111.8878
Rosebud,MT,46.2297,-106.7307
Wilkinson,MS,31.1611,-91.3109
Lafayette,FL,29.9855,-83.1811
Nevada,AR,33.664,-93.3072
Webster,WV,38.4947,-80.4219
Dawes,NE,42.7197,-103.1354
Power,ID,42.6937,-112.8407
Schoolcraft,MI,46.1966,-86.1996
Choctaw,MS,33.3473,-89.2484
Murray,MN,44.0221,-95.7633
Graham,NC,35.3502,-83.8335
Tyler,WV,39.4653,-80.8848
Prairie,AR,34.8298,-91.5528
Clay,KS,39.3497,-97.1652
Perry,AL,32.6385,-87.2944
Traill,ND,47.4542,-97.1616
San Miguel,CO,38.0038,-108.4059
Hamilton,IL,38.0816,-88.5391
Thomas,KS,39.3509,-101.0556
San Augustine,TX,31.3942,-94.1682
Searcy,AR,35.911,-92.6995
Lincoln,GA,33.7936,-82.4512
Clay,WV,38.4625,-81.0751
Anderson,KS,38.2142,-95.2933
Coleman,TX,31.7732,-99.4536
Twiggs,GA,32.6672,-83.4271
Taylor,GA,32.5555,-84.2505
Pocahontas,WV,38.3318,-80.0078
Decatur,IA,40.7377,-93.7863
Richardson,NE,40.125,-95.7175
Merrick,NE,41.169,-98.038
Doddridge,WV,39.2692,-80.707
Nicholas,KY,38.3356,-84.0153
Washakie,WY,43.905,-107.6828
Liberty,FL,30.2414,-84.8829
Clay,TN,36.5511,-85.5439
Broadwater,MT,46.3324,-111.4955
Allendale,SC,32.9881,-81.3582
Ballard,KY,37.0585,-88.9995
Dade,MO,37.4321,-93.8503
Major,OK,36.3116,-98.5359
Franklin,MS,31.4772,-90.8979
Benton,MS,34.8173,-89.1885
Yoakum,TX,33.173,-102.8278
Grant,SD,45.1719,-96.7677
Wallowa,OR,45.5799,-117.181
Conejos,CO,37.2007,-106.1916
Lexington,VA,37.7825,-79.444
Pleasants,WV,39.3709,-81.1606
Valley,MT,48.3653,-106.6675
McCulloch,TX,31.1989,-99.3475
Monroe,IA,41.0298,-92.869
Marion,GA,32.3535,-84.5246
Doniphan,KS,39.7881,-95.1468
Harney,OR,43.0641,-118.968
Adair,IA,41.3307,-94.471
Crook,WY,44.5885,-104.5699
Winkler,TX,31.8501,-103.0483
Cleveland,AR,33.8984,-92.1852
Grand Isle,VT,44.7981,-73.2948
Red River,LA,32.0931,-93.3398
Northwest Arctic,AK,67.0598,-159.7062
Pepin,WI,44.5829,-92.0015
Rappahannock,VA,38.6848,-78.1592
Greene,AL,32.8531,-87.9522
Hutchinson,SD,43.3349,-97.7544
Humphreys,MS,33.1287,-90.5266
Chariton,MO,39.5151,-92.9626
Ferry,WA,48.4703,-118.5166
Lake,CO,39.2025,-106.3448
Worth,IA,43.3774,-93.2609
Castro,TX,34.5299,-102.2617
Lee,KY,37.5948,-83.7162
Wheeler,GA,32.117,-82.7246
Pierce,NE,42.2644,-97.6013
Elliott,KY,38.1179,-83.0976
Dallam,TX,36.2779,-102.6022
Gilmer,WV,38.9241,-80.8571
Beaver,UT,38.357,-113.2355
Fall River,SD,43.2394,-103.5275
Van Buren,IA,40.7532,-91.95
Grant,KS,37.5623,-101.308
Grant,OR,44.4916,-119.0073
Kingman,KS,37.5589,-98.1363
Shannon,MO,37.1574,-91.4005
Caribou,ID,42.7705,-111.5623
Jefferson,NE,40.1757,-97.1427
Goliad,TX,28.6571,-97.4264
Newton,AR,35.92,-93.2179
East Carroll,LA,32.7325,-91.235
Southeast Fairbanks,AK,63.8762,-143.213
Jefferson,MS,31.7342,-91.0373
Powell,MT,46.8564,-112.9361
Pocahontas,IA,42.7342,-94.6787
Nemaha,NE,40.3876,-95.8498
Bon Homme,SD,42.9885,-97.8846
Kit Carson,CO,39.3055,-102.603
Wabaunsee,KS,38.9533,-96.205
Union,IN,39.6256,-84.9252
Huerfano,CO,37.6847,-104.9606
Blaine,MT,48.4327,-108.9586
Brooks,TX,27.0316,-98.2187
Swisher,TX,34.5304,-101.735
Bailey,TX,34.0686,-102.8299
Ida,IA,42.3869,-95.5135
Tillman,OK,34.3728,-98.9242
Chugach,AK,60.7233,-145.7583
Hancock,TN,36.5236,-83.2219
La Salle,TX,28.3452,-99.0996
Weston,WY,43.8404,-104.5677
Schuyler,IL,40.158,-90.6151
Clinch,GA,30.915,-82.7063
Childress,TX,34.5291,-100.2076
Burt,NE,41.8515,-96.3286
Pembina,ND,48.7675,-97.5518
Galax,VA,36.666,-80.9176
Forest,PA,41.513,-79.236
Kearney,NE,40.5067,-98.948
Refugio,TX,28.3253,-97.1656
King and Queen,VA,37.7186,-76.8953
Lac qui Parle,MN,44.9955,-96.1735
Russell,KS,38.9148,-98.7624
Clark,MO,40.4103,-91.7384
Moore,TN,35.2846,-86.3587
Tucker,WV,39.1136,-79.565
Bear Lake,ID,42.2848,-111.3297
Thurston,NE,42.1582,-96.544
Charles City,VA,37.3567,-77.0622
Buena Vista,VA,37.7319,-79.3568
Monroe,AR,34.6778,-91.2039
Saguache,CO,38.0805,-106.2815
Lake,TN,36.3352,-89.4935
Surry,VA,37.1098,-76.9002
Rio Blanco,CO,39.9798,-108.2171
Howard,NE,41.22,-98.5171
Wayne,IA,40.7395,-93.3274
Fremont,IA,40.7456,-95.6047
Pershing,NV,40.4404,-118.4044
Wolfe,KY,37.7393,-83.4932
Van Buren,TN,35.696,-85.4526
Fulton,KY,36.554,-89.1874
Moody,SD,44.022,-96.6709
Bottineau,ND,48.7922,-100.8333
Treutlen,GA,32.4039,-82.5673
Hamlin,SD,44.6738,-97.1883
Wilkin,MN,46.357,-96.4683
Norman,MN,47.3265,-96.4553
Ellsworth,KS,38.6966,-98.2048
Teton,MT,47.8371,-112.2408
Brown,IL,39.9618,-90.7504
Antelope,NE,42.1769,-98.0667
Luce,MI,46.4706,-85.5444
Gentry,MO,40.2121,-94.4099
Dallas,AR,33.9699,-92.6544
Menifee,KY,37.9414,-83.5989
Spink,SD,44.938,-98.3462
Iron,WI,46.2623,-90.2421
Bland,VA,37.134,-81.1302
Randolph,GA,31.7626,-84.7542
Henderson,IL,40.818,-90.9251
Pawnee,KS,38.1813,-99.2367
Lafayette,AR,33.2416,-93.607
Grant,MN,45.9341,-96.0122
Osceola,IA,43.3786,-95.6237
Clay,NE,40.5244,-98.0513
Edwards,IL,38.4165,-88.0533
Calhoun,WV,38.8445,-81.1176
Pendleton,WV,38.6807,-79.3509
Pondera,MT,48.2278,-112.2263
Woodruff,AR,35.1863,-91.2431
Reynolds,MO,37.3623,-90.9691
Ohio,IN,38.9501,-84.9652
Shelby,MO,39.7978,-92.0766
Essex,VT,44.7275,-71.7359
Cumberland,KY,36.7866,-85.3885
Presidio,TX,29.9998,-104.2405
Greenwood,KS,37.8778,-96.2326
Chouteau,MT,47.8806,-110.4353
Gilpin,CO,39.8575,-105.5226
Sullivan,PA,41.4462,-76.5122
Taylor,IA,40.7374,-94.6964
Sherman,KS,39.3514,-101.72
Sullivan,MO,40.2106,-93.1115
Miller,GA,31.164,-84.7308
Ontonagon,MI,46.6644,-89.3148
Ottawa,KS,39.1325,-97.6502
Benson,ND,48.0694,-99.366
Carson,TX,35.4035,-101.3542
Stanton,NE,41.9169,-97.1939
Mitchell,KS,39.3933,-98.2094
Quitman,MS,34.2514,-90.2891
Lander,NV,39.9337,-117.038
Lynn,TX,33.1768,-101.8161
McCook,SD,43.6743,-97.3685
Talbot,GA,32.6995,-84.533
Prince of Wales-Hyder,AK,55.8011,-133.0167
Gray,KS,37.7382,-100.4379
Alfalfa,OK,36.731,-98.324
San Saba,TX,31.1552,-98.8176
Covington,VA,37.7785,-79.9868
Crowley,CO,38.3266,-103.7845
Ransom,ND,46.4562,-97.6574
Cook,MN,47.9026,-90.5354
Tripp,SD,43.3459,-99.8839
Lincoln,MN,44.4126,-96.2671
Putnam,IL,41.2045,-89.2858
Audubon,IA,41.6846,-94.9058
Lincoln,CO,38.9881,-103.514
Bent,CO,37.9551,-103.0717
Emporia,VA,36.6952,-77.5364
Dixon,NE,42.4931,-96.8677
Fillmore,NE,40.5247,-97.5965
Washington,KS,39.7842,-97.0875
Cherry,NE,42.545,-101.1186
Calhoun,GA,31.5292,-84.6245
Greer,OK,34.9357,-99.5608
Cotton,OK,34.2902,-98.3722
Delta,TX,33.3863,-95.6723
Day,SD,45.3671,-97.6074
Haskell,TX,33.1782,-99.7303
Harper,KS,37.1916,-98.0755
Jefferson,OK,34.111,-97.8358
Norton,KS,39.7844,-99.9035
Mahnomen,MN,47.3253,-95.8091
Lincoln,ID,43.0024,-114.1383
Boone,NE,41.7068,-98.0672
Morris,KS,38.6874,-96.6499
Coal,OK,34.5882,-96.2978
Stark,IL,41.0934,-89.7975
Carter,MO,36.9412,-90.9623
Brule,SD,43.7181,-99.0809
Walworth,SD,45.4299,-100.0315
Johnson,NE,40.3926,-96.2651
Custer,CO,38.1087,-105.3675
Kingsbury,SD,44.3696,-97.4915
Aleutians West,AK,52.7985,-106.5633
Polk,NE,41.1869,-97.5684
Garfield,UT,37.8549,-111.4432
Martin,TX,32.306,-101.9513
Floyd,TX,34.0724,-101.3032
Hartley,TX,35.84,-102.6029
McHenry,ND,48.2346,-100.6363
Dewey,SD,45.1566,-100.8718
Yukon-Koyukuk,AK,65.5087,-151.3896
Atchison,MO,40.4308,-95.4281
Warren,GA,33.4089,-82.6768
Stevens,KS,37.1923,-101.3121
Musselshell,MT,46.4966,-108.3981
Big Stone,MN,45.4261,-96.411
Hansford,TX,36.2774,-101.3546
Garza,TX,33.1799,-101.2984
Hamilton,NY,43.6611,-74.4974
Ouray,CO,38.1555,-107.7693
Pickett,TN,36.5584,-85.0749
Toole,MT,48.6554,-111.6956
Wirt,WV,39.0225,-81.3787
Crosby,TX,33.6147,-101.3
Beaver,OK,36.7497,-100.4768
Scott,KS,38.4822,-100.9069
Pulaski,IL,37.2232,-89.1266
Cameron,LA,29.8754,-93.1937
Sheridan,NE,42.5048,-102.4089
Mineral,MT,47.1472,-114.9983
Scott,IL,39.6441,-90.4747
Dickey,ND,46.1102,-98.5047
Thayer,NE,40.1762,-97.595
Alexander,IL,37.1915,-89.3375
Stewart,GA,32.0785,-84.8352
Wheeler,TX,35.4012,-100.2698
Craig,VA,37.4817,-80.2114
Washington,CO,39.971,-103.2012
Gallatin,IL,37.7628,-88.2305
Phillips,KS,39.7846,-99.347
Rooks,KS,39.3502,-99.325
Oneida,ID,42.195,-112.5394
Carlisle,KY,36.8532,-88.971
Adams,ID,44.8896,-116.4538
Jim Hogg,TX,27.0434,-98.6973
Dillingham,AK,59.8003,-158.2346
Calhoun,AR,33.5581,-92.503
Scotland,MO,40.4526,-92.1471
Wahkiakum,WA,46.2918,-123.4244
Florence,WI,45.8485,-88.3981
Republic,KS,39.8278,-97.6506
Ringgold,IA,40.7352,-94.244
Putnam,MO,40.4789,-93.0162
Hot Springs,WY,43.719,-108.4422
Crane,TX,31.4286,-102.5156
Hyde,NC,35.5306,-76.2517
Furnas,NE,40.1764,-99.9123
Mineral,NV,38.5386,-118.4349
Morrill,NE,41.716,-103.0105
Schley,GA,32.2617,-84.3148
Mills,TX,31.4952,-98.5954
Phillips,CO,40.594,-102.3576
Custer,ID,44.2411,-114.2817
Hickman,KY,36.6781,-88.9761
Cameron,PA,41.4367,-78.204
Lincoln,NV,37.6433,-114.8775
Kimble,TX,30.4868,-99.7487
Guadalupe,NM,34.8633,-104.7906
Dewey,OK,35.9876,-99.0079
Marshall,SD,45.7586,-97.5986
Calhoun,IL,39.1693,-90.6676
Deuel,SD,44.76,-96.668
Menominee,WI,45.0044,-88.71
Holt,MO,40.0944,-95.2155
Phillips,MT,48.2592,-107.9133
Mora,NM,36.0105,-104.945
Storey,NV,39.447,-119.5294
Grant,OK,36.7961,-97.7861
LaMoure,ND,46.4569,-98.5355
Bath,VA,38.0587,-79.7411
Nuckolls,NE,40.1764,-98.0472
Kittson,MN,48.7766,-96.7829
Barber,KS,37.2289,-98.6848
Valley,NE,41.5673,-98.9819
Edmunds,SD,45.4188,-99.2153
Hidalgo,NM,31.914,-108.7148
Dunn,ND,47.3568,-102.6182
Schuyler,MO,40.4703,-92.521
Gregory,SD,43.1924,-99.1856
Columbia,WA,46.2975,-117.9078
Union,NM,36.4816,-103.471
Stafford,KS,38.031,-98.7174
Owsley,KY,37.4192,-83.6831
Mason,TX,30.7177,-99.2261
Tensas,LA,32.0019,-91.3401
Pierce,ND,48.2496,-99.9718
Clark,SD,44.8582,-97.7295
Red Lake,MN,47.8717,-96.0953
Meade,KS,37.2382,-100.3662
Wells,ND,47.5875,-99.661
Sharkey,MS,32.8798,-90.8132
Kearny,KS,38.0003,-101.3199
Lake of the Woods,MN,48.7712,-94.9046
Corson,SD,45.7086,-101.1969
Sargent,ND,46.1078,-97.6306
Knox,MO,40.1283,-92.1481
Catron,NM,33.9153,-108.4046
Sioux,ND,46.1127,-101.0404
Pope,IL,37.4127,-88.5615
Lyman,SD,43.8958,-99.8474
Sweet Grass,MT,45.8138,-109.941
Echols,GA,30.7101,-82.894
Ellis,OK,36.2184,-99.7546
Lewis,ID,46.237,-116.4263
Chase,NE,40.5242,-101.698
Sheridan,MT,48.7212,-104.5047
Fisher,TX,32.7428,-100.4022
Haskell,KS,37.5622,-100.8712
Cavalier,ND,48.7723,-98.4648
Adams,IA,41.029,-94.6992
Costilla,CO,37.2781,-105.4282
Hardin,IL,37.5182,-88.2668
Norton,VA,36.9315,-82.6262
Smith,KS,39.7852,-98.7855
Hardeman,TX,34.2902,-99.7457
Aleutians East,AK,55.3669,-161.9805
Baylor,TX,33.6165,-99.2135
Mercer,MO,40.4223,-93.5686
Hanson,SD,43.6748,-97.7873
Granite,MT,46.4045,-113.4404
Osborne,KS,39.3503,-98.7679
Baca,CO,37.3192,-102.5605
Tyrrell,NC,35.8172,-76.209
Petersburg,AK,57.1204,-132.934
Hudspeth,TX,31.4562,-105.3865
Chautauqua,KS,37.15,-96.2454
Webster,NE,40.1764,-98.5
Roger Mills,OK,35.6883,-99.6958
Foster,ND,47.4571,-98.883
Coke,TX,31.8886,-100.53
Bennett,SD,43.195,-101.664
Concho,TX,31.3266,-99.864
Nance,NE,41.3973,-97.9922
Knox,TX,33.6061,-99.7414
Sutton,TX,30.4984,-100.5382
Donley,TX,34.9654,-100.814
Emmons,ND,46.2851,-100.2387
Kimball,NE,41.1978,-103.7149
Traverse,MN,45.7722,-96.4716
Hemphill,TX,35.8376,-100.2706
Reagan,TX,31.3661,-101.5231
Harper,OK,36.7888,-99.6673
Upton,TX,31.3688,-102.0431
Shackelford,TX,32.7359,-99.354
Kinney,TX,29.3502,-100.418
Hand,SD,44.5478,-99.0049
Woodson,KS,37.8867,-95.7401
Nelson,ND,47.9217,-98.192
Stanley,SD,44.4123,-100.7359
Perkins,SD,45.4905,-102.4757
Sherman,NE,41.2206,-98.9762
Rush,KS,38.5231,-99.3092
Glascock,GA,33.2293,-82.6107
Lincoln,KS,39.0453,-98.2077
Lipscomb,TX,36.2776,-100.2731
Jewell,KS,39.7847,-98.2183
Bowman,ND,46.1126,-103.5206
Brown,NE,42.43,-99.9295
Clay,GA,31.6262,-84.9801
Harlan,NE,40.1765,-99.4046
Franklin,NE,40.1763,-98.9528
Douglas,SD,43.3869,-98.3661
Crockett,TX,30.7231,-101.412
Perkins,NE,40.851,-101.6497
Hall,TX,34.5308,-100.6811
Jackson,SD,43.6943,-101.6281
Real,TX,29.8318,-99.8222
Gove,KS,38.9161,-100.483
Baker,GA,31.3261,-84.4447
Edwards,KS,37.8876,-99.3121
Trego,KS,38.9143,-99.8728
Fallon,MT,46.334,-104.4174
Sierra,CA,39.5803,-120.5161
Decatur,KS,39.7847,-100.4599
Logan,KS,38.9173,-101.1484
Butte,ID,43.7229,-113.172
Ness,KS,38.4794,-99.9162
Aurora,SD,43.718,-98.5615
Rich,UT,41.6323,-111.2445
Cheyenne,KS,39.7859,-101.7319
Copper River,AK,61.8855,-143.97
Morton,KS,37.1914,-101.7992
Collingsworth,TX,34.9648,-100.27
Wayne,UT,38.3244,-110.9038
Frontier,NE,40.5301,-100.3942
Hitchcock,NE,40.1763,-101.0423
Chase,KS,38.302,-96.594
Cochran,TX,33.6042,-102.8285
Pawnee,NE,40.1315,-96.2371
Rawlins,KS,39.7852,-101.0765
McIntosh,ND,46.1118,-99.4412
Hamilton,KS,37.9991,-101.7912
Elk,KS,37.4537,-96.2441
Dolores,CO,37.7517,-108.5174
Hettinger,ND,46.4325,-102.4603
Sheridan,KS,39.3503,-100.4418
Kiowa,KS,37.5582,-99.2861
Harmon,OK,34.7441,-99.8462
Graham,KS,39.3497,-99.8832
Potter,SD,45.0645,-99.9572
Sanborn,SD,44.0234,-98.0913
Webster,GA,32.0468,-84.5511
Schleicher,TX,30.8974,-100.5383
Ziebach,SD,44.9804,-101.6658
Kidder,ND,46.9801,-99.7801
Niobrara,WY,43.0565,-104.4754
Garfield,WA,46.4316,-117.5452
Hoonah-Angoon,AK,58.287,-135.6393
Eddy,ND,47.7176,-98.9016
Sedgwick,CO,40.8759,-102.3518
Renville,ND,48.719,-101.6578
Miner,SD,44.0219,-97.6102
Highland,VA,38.3623,-79.5686
Sherman,TX,36.2777,-101.8934
Robertson,KY,38.5188,-84.052
Grant,ND,46.3583,-101.6397
Quitman,GA,31.8673,-85.0188
Oldham,TX,35.405,-102.6028
Griggs,ND,47.4573,-98.237
Cimarron,OK,36.7483,-102.5178
Greeley,NE,41.5674,-98.5212
Culberson,TX,31.447,-104.5173
Divide,ND,48.8149,-103.4872
Burke,ND,48.791,-102.5182
McPherson,SD,45.7664,-99.2214
Adams,ND,46.0968,-102.5284
Keweenaw,MI,47.628,-88.4346
Faulk,SD,45.071,-99.1453
Wichita,KS,38.4821,-101.3474
Wrangell,AK,56.3323,-132.0221
Haines,AK,59.1186,-135.5007
Towner,ND,48.6855,-99.2457
Judith Basin,MT,47.0454,-110.266
Wheatland,MT,46.4663,-109.8446
Gosper,NE,40.5148,-99.8307
Stanton,KS,37.563,-101.7842
Meagher,MT,46.5982,-110.8857
Clark,KS,37.2355,-99.8203
Gilliam,OR,45.3783,-120.2108
Denali,AK,63.6714,-150.0118
Menard,TX,30.8898,-99.8206
Liberty,MT,48.5617,-111.0246
Mellette,SD,43.5813,-100.76
Sherman,OR,45.4052,-120.6894
Worth,MO,40.4791,-94.4221
Jeff Davis,TX,30.7154,-104.14
Deuel,NE,41.1116,-102.3339
Oliver,ND,47.1153,-101.3403
Armstrong,TX,34.9649,-101.3574
Logan,ND,46.4574,-99.4774
Powder River,MT,45.395,-105.6302
Buffalo,SD,44.0763,-99.2048
Steele,ND,47.4562,-97.7246
Jerauld,SD,44.0663,-98.6297
Garden,NE,41.6194,-102.3354
Dickens,TX,33.6165,-100.7789
Cheyenne,CO,38.8279,-102.6036
Dundy,NE,40.1762,-101.6879
Comanche,KS,37.1913,-99.2718
Haakon,SD,44.2945,-101.5399
Garfield,NE,41.9144,-98.9914
Piute,UT,38.3366,-112.1273
Boyd,NE,42.8997,-98.7665
McCone,MT,47.6452,-105.7954
Golden Valley,ND,46.9402,-103.8466
Hodgeman,KS,38.0875,-99.8979
Throckmorton,TX,33.1775,-99.2123
Alpine,CA,38.5972,-119.8207
Campbell,SD,45.7712,-100.0516
Eureka,NV,39.9838,-116.2686
De Baca,NM,34.3425,-104.412
Taliaferro,GA,33.5661,-82.8788
Sully,SD,44.7156,-100.1322
Daniels,MT,48.7838,-105.5485
Wheeler,OR,44.726,-120.0275
Sterling,TX,31.8278,-101.0501
Lane,KS,38.4813,-100.4664
Wallace,KS,38.9167,-101.7636
Irion,TX,31.3039,-100.9824
Kiowa,CO,38.4326,-102.7402
Jackson,CO,40.6664,-106.3428
Cottle,TX,34.0776,-100.2788
Rock,NE,42.4213,-99.4499
Carter,MT,45.5168,-104.5362
Greeley,KS,38.4806,-101.806
Sheridan,ND,47.5755,-100.3456
Briscoe,TX,34.5303,-101.2085
Edwards,TX,29.9827,-100.3048
Prairie,MT,46.8605,-105.378
Skagway,AK,59.5614,-135.3382
Stonewall,TX,33.1792,-100.2534
Wibaux,MT,46.9653,-104.249
Hyde,SD,44.5473,-99.4871
Motley,TX,34.0741,-100.7798
Sioux,NE,42.4877,-103.7589
Harding,SD,45.5803,-103.4958
Camas,ID,43.4633,-114.8058
Garfield,MT,47.2776,-106.9929
Glasscock,TX,31.8694,-101.5208
Esmeralda,NV,37.7846,-117.6323
Billings,ND,47.0236,-103.3763
Lake and Peninsula,AK,58.6548,-156.1891
Hinsdale,CO,37.8213,-107.3003
Jones,SD,43.9606,-100.6897
Foard,TX,33.9746,-99.778
Issaquena,MS,32.7414,-90.9892
Bristol Bay,AK,58.7431,-156.7015
Golden Valley,MT,46.3812,-109.1752
Clark,ID,44.2839,-112.3512
Wheeler,NE,41.9148,-98.5282
Hayes,NE,40.5248,-101.0619
Terrell,TX,30.225,-102.0765
Roberts,TX,35.8384,-100.8136
Keya Paha,NE,42.8789,-99.7124
Daggett,UT,40.8873,-109.5077
Logan,NE,41.5666,-100.4827
Slope,ND,46.4472,-103.4599
Banner,NE,41.546,-103.7105
Harding,NM,35.8579,-103.8203
Kent,TX,33.1813,-100.7776
Treasure,MT,46.2115,-107.2716
Mineral,CO,37.6689,-106.9241
San Juan,CO,37.764,-107.6762
Borden,TX,32.7436,-101.4317
McMullen,TX,28.3526,-98.5679
Hooker,NE,41.9161,-101.1353
Grant,NE,41.915,-101.7406
Loup,NE,41.9139,-99.4544
Thomas,NE,41.9137,-100.5558
Yakutat,AK,59.8888,-140.3575
Arthur,NE,41.569,-101.6958
McPherson,NE,41.5682,-101.0604
Petroleum,MT,47.1175,-108.2502
Blaine,NE,41.9128,-99.9767
King,TX,33.6165,-100.2558
Kenedy,TX,26.9285,-97.7017
Kalawao,HI,21.1709,-156.9475
Loving,TX,31.8493,-103.58
